-1.472049236,1.890667319,-0.123858146,0.441615701,1.295748711,1.103108048,-0.012070361,-0.50548178,-0.15253368,-0.154221848,-2.240483284,0.31029883,0.357563555,-0.917053759
0.648446739,1.205755353,0.424319118,0.412905097,0.845512629,-1.879740715,-0.217218786,-0.928497374,-0.758040965,0.918170154,1.161386967,-0.407239974,-0.008407505,1.99313426
-1.209211111,-0.89917767,-0.978875875,0.091636822,-0.260632604,-0.066928901,-0.439161241,-1.481040835,-1.353039622,0.945407391,-0.514965951,0.187018409,-0.46375227,0.064498067
-0.705725908,0.218515158,1.194325924,-0.961043179,0.033304173,-0.733039439,0.949210227,-1.331689715,0.700882077,0.178749874,-1.536417246,-0.243656471,-1.415097952,0.662098169
-1.217822552,-1.800051928,-1.199207783,-0.142848417,-0.696069658,0.488287836,0.141604647,1.011572838,-0.28893131,1.247159481,1.517978191,0.05888883,-1.906219721,-0.800129354
-0.451230466,0.322548449,0.67444241,-0.741042554,-0.955120862,-0.058430787,-0.979267359,1.246524096,-0.703889787,0.272846907,0.280644685,1.249375939,0.373127252,1.676244974
0.553395212,-0.570126414,0.227328867,-1.521154165,-1.306134462,-0.443730623,0.377670556,0.440203816,-0.866074145,0.930351734,-0.325796753,-0.350182176,0.378655046,0.407302678
-0.861439109,-1.790766954,1.642043233,-0.393810838,0.17279695,0.260738224,-0.486637652,-1.009518266,-0.34753269,1.335998774,0.810927808,-0.235833198,0.438467085,0.221834883
1.500328541,0.268919945,-0.682928383,0.524271548,1.094744205,0.430564553,-0.911437571,-0.426103413,-1.550934196,-0.489890903,-0.304757535,-0.533208489,-1.373403072,0.725856125
1.245487332,0.024816768,0.322380662,-1.252256989,0.131645262,-0.304710716,-0.355840325,-1.367174864,1.20983994,1.247195601,1.169823885,0.631501496,-0.073208086,-0.280680299
0.577716887,0.184325516,1.724341154,-0.920057476,0.432472557,0.428682387,-0.429986596,1.618883014,-0.385586351,-1.001853228,0.869403005,0.547502816,-0.166722983,-0.218730107
0.044733662,0.455982804,0.5099383,-0.968393683,0.872390628,-1.559643745,1.219082594,-0.666984677,0.710609615,1.589880586,-1.585834742,-1.99022615,0.049467534,-0.540803909
0.148019016,-0.119159214,0.049690541,-1.498249412,-0.552393615,0.900851488,-0.081073657,0.255485952,1.704400182,0.096836045,-0.118494645,-0.888896108,-0.194485769,0.279748589
0.050612755,0.421550721,-0.379177779,-0.455870777,-0.561111748,1.68669343,0.984886348,0.280069977,0.386778355,-0.145894706,-0.169863656,1.712325692,0.096788488,-0.824034512
-0.553952634,0.929128528,-0.357788026,-0.871395707,-0.808968961,1.573832989,0.080398239,0.761600256,0.615436971,-0.03164928,-0.666000545,1.592348456,-0.348843932,-1.238574147
-1.10105896,-0.561704576,0.163095191,-1.337654233,0.661722064,1.094996452,0.185041249,0.539983213,-1.225783825,-1.133840084,0.440521449,-0.641018867,-0.195376471,-0.081653737
0.807418287,0.386054099,0.022563169,-0.048661023,1.759598613,-0.387164414,0.785558045,-0.120373599,-0.84309721,-0.625784695,-1.616729498,1.273463368,-0.558472216,-0.006553136
-0.86422199,0.170080602,1.162383676,-1.925896049,-0.864725351,0.7887761,1.071416259,-0.012047702,1.029515386,-1.80466342,0.234520972,0.315622151,1.030641913,-1.28261888
0.530402362,0.273487598,-3.280388832,-1.573220134,-1.196637273,1.089537978,-0.267405182,-0.566504776,-1.724834681,-1.806210637,2.383203268,0.829616606,-0.46858722,-0.330851406
0.094204389,-0.989767313,0.276152343,-0.110816061,0.175750032,-1.686556458,-1.603703976,-0.553296924,0.520696878,-0.144738153,1.183405638,-0.903914869,1.946424842,-0.339304984
-1.016861081,1.232355833,-0.296757102,-0.747643769,-1.212005496,-0.702847123,0.62360996,-1.295922875,-0.599204361,-2.012424707,2.326150894,0.510301888,1.325741053,1.708230376
2.35253334,-0.25056234,0.695400596,-0.350160599,-1.67921257,1.16288805,1.06011188,-0.993322313,-1.096884489,0.832359314,0.25410679,0.666601181,-1.693214297,0.278332353
0.508326054,0.687220514,0.143918425,-1.785008073,0.635691762,-0.542872965,-0.036486056,0.071996987,1.293418288,0.576666415,0.849739015,0.277318716,1.719641924,-0.637687683
0.926478803,-0.097522788,-0.179304034,1.264175653,1.550204396,-0.117303759,-1.02276051,0.360465169,1.116608858,-1.415355206,-0.005197571,0.580855727,-0.046381321,-0.299604863
-1.510186195,-0.407541722,0.016023271,1.748598337,1.062183857,-1.064697027,-0.974739075,-1.891263604,-0.23301287,-0.591529548,1.91377902,-0.991803229,0.449359357,-0.944073021
-0.31678012,0.989519238,0.370396137,0.943318784,-0.917558074,2.125430346,-0.176060677,-1.802805424,1.089318752,-0.991769254,-0.244332567,1.100442052,-0.36311996,0.720927358
-0.616425514,-0.752682447,-0.670952082,-1.392463803,0.468548715,-0.069295764,0.010994168,-0.564707935,1.238327384,-0.607031763,1.475637317,0.410006732,1.206604719,0.313781172
-1.648934841,1.223829508,0.044076182,0.070478186,-0.178925365,0.137546957,-1.43993926,-0.566901267,0.42316097,1.539484024,0.84688139,0.888563752,0.111126907,1.056408525
-1.505891323,-1.290407658,-0.637852848,-0.399040222,-3.635818958,0.393827528,0.107766375,0.88819021,1.019814491,-0.214105278,1.221956491,1.754183412,-0.597182572,-2.28469491
1.129145861,0.01003952,1.412612677,-0.786497474,0.006788268,-1.033740759,-0.761894226,-0.688808858,1.364366651,-0.795179307,1.282238245,0.828403175,0.523848176,0.527102947
1.26595974,0.155019388,1.259088874,-0.123170234,-0.877236545,-1.094977736,0.422752827,0.667302489,0.528515995,0.531331897,-0.231424525,-2.008672476,0.023097118,-0.765584767
-1.02531743,-0.304996729,0.20579274,0.736061931,-0.482475728,0.249533832,1.819720745,-0.468790561,-1.366629958,-0.932555616,1.979431987,-0.223103821,-1.975068808,-0.206655875
0.45525068,-0.250776976,2.484949827,-1.251905799,-0.128978506,0.462321728,-0.691090524,-0.275836557,0.333603024,-0.070638575,0.592102587,0.076628238,0.692866087,-0.743329763
-0.092569113,1.183100343,0.333445936,-0.870822608,-0.593559504,1.024324179,-1.187296391,-1.124271274,-1.008113742,0.79216665,0.873669207,-1.343035817,-1.862810493,0.872106433
2.909456968,0.146180376,-0.949080646,-0.053990126,1.102292418,-1.239199996,1.697802544,-0.060916826,1.146693707,0.6508407,-0.171453997,1.740626812,-0.539634109,0.194060177
0.915685475,0.708792329,-0.474219501,-0.017479265,-1.503432631,1.181477666,-0.287602544,-0.269404531,1.527896643,-1.012144685,-0.462619752,0.255360603,1.830259442,-0.675761878
-1.458540559,-0.08363989,0.432043701,-0.667987704,-0.505218565,-1.862316608,0.524311125,-0.868318141,-0.041784618,-0.884821713,1.158429861,-0.27534309,-0.445320159,-0.365502328
-0.652708232,0.116796084,-1.355645657,0.885790229,-0.809844136,0.777948201,-1.641778588,-0.941443026,-2.028209448,-0.764961541,-0.75845629,-1.518833995,-0.693176389,1.082500339
1.63905108,-0.730130374,-1.366829157,-1.451688528,-1.4153409,-0.200258508,-0.553378224,0.248582944,0.289336234,0.756199837,0.87768805,0.051699966,-1.750629067,-1.639971852
-0.370181084,0.391735703,0.370497346,-0.176610723,-0.350778401,-0.604933262,-0.348576903,-0.590213656,2.420033216,0.066656657,0.433314443,-2.673443556,1.469512701,0.186813906
0.770197093,0.287154466,-1.519525766,-0.433036655,0.031808838,0.825749516,-2.184025049,0.966843963,0.048268497,-1.473384738,-0.180438071,-0.24044317,-0.152966723,1.258732557
-0.7779814,-0.897467077,1.035397172,0.724224091,0.663415968,-0.697391808,0.376942813,0.461307913,0.698079586,2.053908587,1.476429582,0.101898625,-0.637614548,-0.438238978
0.00823908,-0.394887537,-0.701999366,0.541549802,0.80888927,1.433827758,-0.196873754,-1.435629964,-0.32275334,-0.505689263,-1.15059948,0.703799844,0.193660304,0.527709723
-0.209579438,-0.859421849,-0.474904507,-1.440694571,-0.927423596,0.148860767,1.977715611,0.318064332,1.550475001,-0.23135294,1.483758569,0.197997108,0.022639882,-1.411770105
0.350359768,-0.36484921,-1.301586986,0.715052366,-1.026601791,1.131758094,-0.619718015,1.112459183,-0.724345386,0.023196397,1.075370073,0.33393985,0.460508823,2.094106913
-0.43561554,-0.203055203,0.781923354,-0.53424269,1.485597134,-0.520096362,-0.575626969,-0.101880722,1.051763415,0.168495759,-1.389544606,-0.622123659,-0.210938439,1.591615677
-2.527467012,-1.213608742,-0.562245309,1.334010601,-1.016066432,-0.736590624,-0.59443754,-1.125397205,1.51520288,-0.85281378,0.071412928,-0.898303688,0.422268063,0.580638587
-1.676430702,0.976721287,-0.717770338,-0.514376938,1.17403543,0.132182568,1.680945754,1.078023911,-0.628204286,1.202423215,0.064586729,-0.212912634,1.000386238,-0.971766829
-0.737356722,0.563493907,0.872279465,1.857909918,-1.132641077,0.272742867,0.626813531,-1.291794658,0.831035435,1.042376518,0.741211772,2.899085283,-0.698843658,0.504091859
-0.289644986,1.405071497,-1.08430028,0.066560514,-1.362840533,-0.17142202,0.79024291,1.522686481,0.602841198,-0.268711001,-1.129641175,1.315089583,-0.47529611,0.42880559
-0.133612454,0.674782693,-1.225877166,0.038981993,-0.11843735,-0.332789391,-0.644603074,-0.495924175,0.534919977,-0.268829465,-0.116075076,1.111472011,0.733022749,1.270113111
0.385001063,-0.943191648,1.30364275,0.80888027,-0.093665786,-1.812836051,0.425852716,-1.92601347,0.151315182,-0.137061164,-0.379334599,0.230297729,0.664638638,0.932631671
-1.452169299,-1.319401741,-0.568719327,0.661036372,0.410051703,-0.208201572,1.459343314,0.545718431,0.619710445,-2.341004372,0.308276683,-1.323202729,0.677311718,-1.699588895
0.121321708,1.15590024,-1.515617132,-0.418439716,0.059646897,0.340586782,-1.073072433,0.092580311,0.206033543,1.298972249,0.009825696,0.042462762,-0.031704843,3.030479431
-1.096217632,-0.217265382,-1.67626965,0.953042626,-0.515381634,0.375007898,-0.364495337,0.975452483,0.300520033,-0.843580484,-1.803823233,1.969797254,-0.64198184,-1.396698713
-1.79307723,0.120206155,-0.519874036,1.194453716,-0.624461591,-0.300862879,-1.646006942,0.511567831,-0.638131738,1.167193532,1.801694989,0.020401403,-1.655773163,0.542964041
-0.012590943,-0.147634864,0.253319472,1.477700353,-0.010328487,-0.802953362,1.232956767,-0.642015934,1.366358042,0.148330986,0.011024733,-0.15568465,1.091849804,-0.310228616
0.647099853,-0.33870104,0.651396751,-3.095882654,0.708820522,0.161098674,-0.208500192,0.610476911,1.322479725,-0.604570806,0.827175438,-0.433437288,-0.247090504,-0.491918117
0.203776926,-0.31578967,-0.398978442,-0.905079424,1.715595365,0.704864025,0.780758798,1.246118546,-0.398145795,-0.986949563,0.196058884,2.152042389,0.327433735,0.237171024
-1.135333896,0.274820924,2.386499166,1.144901156,0.13530384,0.916961432,0.181934059,1.078152657,-0.095936805,0.488008261,1.217332721,0.54821229,-2.139156818,-1.51805234
0.594457209,1.755170107,-0.707520425,0.806897998,-1.623782754,1.326589465,0.394780487,-0.440461189,0.42624718,1.80449903,-1.098644972,-0.23344335,1.628798604,-0.990632594
-2.498125792,1.665751338,-1.411184192,1.515128255,-0.504236758,-0.644441187,1.090708137,0.407728106,-1.136888862,-0.496203154,-0.711077809,0.799730539,-2.352838039,0.077813804
1.710429311,-0.334089845,1.196393967,0.091970854,-1.330332756,-0.369381517,2.286952734,0.526266515,1.246045947,-0.420040876,-1.624731541,0.081537709,0.685544968,1.041097999
0.482715726,-1.114395022,-0.458108395,-1.239795446,0.708920777,-0.62504524,-1.737969279,0.374117166,-0.72839272,-2.168879032,1.584687829,0.28627491,-2.114344358,-0.765627384
1.816459298,-0.086365439,-0.047631718,-0.719750166,0.381046802,-0.162690163,0.209305599,0.746371984,-0.451211601,1.123986483,-0.906959236,-1.063019872,-0.904773295,-0.141564891
-0.31113413,0.180988327,0.110105768,1.36922884,0.294385225,0.170484871,1.123288989,-2.339095592,-0.441194564,-1.697254419,2.287613392,0.521989763,0.10889408,0.37522158
0.193561494,0.772916615,1.329557896,0.365190804,0.818100452,-0.683526635,-0.219391569,-2.604749918,-0.057391517,-0.929980934,0.496694982,0.118509553,-1.214285731,-1.338676691
1.37864399,0.059807364,0.490458369,-0.032489575,-1.005430222,0.06030288,-0.477001786,-0.573013663,1.428837299,-0.077171244,1.269670963,-0.303512961,2.163913727,-0.000445754
-0.186613977,0.030507188,-0.285612613,0.089889601,-0.817383409,0.783269823,0.347052783,1.163015485,0.035923049,1.382309079,-0.016696524,0.857645869,-0.544000626,0.851972044
1.82350421,-0.016552664,0.323444217,-0.775361478,0.147721618,-0.022972565,-0.032466695,-1.668576479,-1.107680798,-0.190214366,-1.465258956,-0.301253796,-0.324410766,0.326461285
0.51904285,-0.489842743,-0.074740373,0.080561601,0.614411294,-1.004402637,0.290079355,-1.142264724,0.651800931,-0.256401151,-0.262047201,-0.504165053,0.1040475,0.567254961
-0.125303388,-0.342508852,0.97865963,-1.083709836,1.558589935,-1.809158444,-0.541930556,-1.441120982,0.056640796,-0.512510359,0.917429984,-1.048236728,1.490418911,-0.828848481
1.494275689,0.053674206,-1.393048882,1.467647433,1.002449751,1.089339614,-1.960263729,-1.096690536,-1.170293689,1.363160133,-0.172580272,-1.559649944,0.579956234,-0.754493475
-1.813291311,-1.420069337,-0.640650749,0.158937618,-0.915212691,0.503396511,-0.874770463,0.753101766,-0.540265679,-0.066283859,1.749071717,0.694453478,-0.496710598,0.59834367
1.205831409,0.757902145,-1.334723353,0.231579691,0.346864164,0.067715816,-0.412237525,-1.145892978,-0.26977545,-1.879413962,0.976015389,0.474086463,-0.787192166,-1.164422631
0.707203329,-0.78525573,0.875913382,-1.492574811,0.448543042,0.760596752,1.483796716,-1.531298161,-0.265658289,-0.007061874,-0.998012125,-0.455796897,-1.417636752,-0.034052279
0.046664305,0.496860415,-0.968883336,0.40400821,-0.487709969,-0.045775045,-2.538109303,-1.59566021,0.611664057,0.328672826,-0.448377401,-0.942725837,2.143721342,1.764490366
-0.542642236,-1.238983154,1.570414901,-1.953356147,0.054521937,-0.25738588,1.530795574,0.744693279,-0.33006379,-0.099451475,-0.589753747,-0.072236344,0.757231176,0.703959882
0.718221188,-0.101578772,-0.580418468,0.55044961,-0.06632594,0.718348444,0.282661408,0.677953899,-0.459497094,1.18267858,-0.593264282,1.536908746,-0.402254611,-0.631087184
0.319756895,-1.166564345,-0.496580243,0.083841398,-0.81741792,0.571072817,-0.670953751,-0.332212001,0.35026601,-0.709215701,-0.37739116,0.440559179,-1.71818471,1.656546712
1.553236246,0.712522864,1.722185135,-0.511050344,1.559307575,-1.248184681,0.922903955,0.798530817,-1.297078371,0.345469177,0.798402309,1.908744574,0.700053632,-0.168930888
-1.246320486,-0.62220192,0.565433562,0.326456368,-0.780748606,1.991018414,1.185329914,0.042052563,-0.589573205,1.520389557,1.896674633,-0.997053266,0.769920826,-0.521693826
0.594986558,-0.74322778,-0.579434335,-0.126702964,-0.841163397,-0.544569016,-0.757528245,0.845088422,-0.476753861,-0.057370104,1.500228763,-0.596899569,-0.083078474,-0.390651137
0.470907301,1.513729453,0.655254066,2.317508698,-0.783734024,-1.613488555,1.304313064,0.937448084,0.353231072,1.169202924,0.807767272,1.169306636,0.615593672,1.151197076
1.481875896,0.197002694,0.163676992,-1.634009719,0.276303113,-0.529704809,-1.320090771,1.330919862,-0.663785338,0.798403144,-0.660265923,-1.454099417,0.646680951,-0.256935447
-0.127216905,1.488999248,-0.418941528,-2.641363144,0.850717962,-1.608120441,-0.543735206,-0.074876197,-1.052343607,-0.862413526,0.294161677,0.747704744,0.038383473,1.304100037
0.113259301,-1.205520391,0.565559089,0.502812445,0.666157961,-0.74172765,0.884573758,-0.399773389,-0.472561836,0.327594191,-0.117564984,-0.53559339,1.098097801,-0.383492053
-0.406933546,-1.062600493,-1.877975464,-1.152270198,-1.078630924,-1.310242772,-0.69489044,-1.223298669,0.590010345,0.256792217,0.847486258,-0.41085279,0.342936695,0.503134191
0.962980807,0.464446962,-1.510982156,-1.342141151,0.255281329,-0.349824667,-0.265056908,-0.125015602,-0.789221942,-0.426792741,-0.030317416,-0.062214438,-0.018561771,-1.079660892
-1.596596956,2.147046328,0.357109368,-0.863921821,-0.17268838,-2.393220901,0.133128375,-0.483638585,1.612084866,0.08776398,0.56934768,-0.043174308,-1.073708057,0.350601971
-0.791115642,-0.765723646,-1.088046432,0.024837621,-0.980386257,0.646446466,-1.380709171,-1.218690276,-1.179057002,0.083156563,1.779870987,-1.253192067,0.041451808,-0.270048797
1.650401354,-0.455503523,-0.993236244,0.581256926,0.210878536,1.172379732,0.356145233,0.18183817,1.643559456,-0.97818625,-0.860563517,-0.841397643,0.195676491,-0.551920176
-1.43591547,-0.699519455,0.528284013,0.592648923,0.358841032,-0.152570546,0.579682887,-0.040139329,-2.256944418,0.824399233,0.634260476,-0.323044598,0.839611769,1.171931505
0.390996724,-0.666053116,-0.283582538,-0.297892421,-1.420521021,-0.369418412,0.65554899,-0.007967575,-1.641959906,-1.371705294,0.442290395,1.735907555,-0.778657854,-1.617792845
-0.610639691,-0.829459608,-1.728954554,1.993966103,-0.992462158,-0.294697195,1.215341926,-0.039906189,0.758975863,-0.346118242,-0.091715716,0.114379421,-0.558630228,-0.690041184
0.271725237,1.726280928,-0.310906529,-0.529217124,-0.269147992,1.204900026,0.900619328,-0.095793955,1.482501388,-0.790027022,1.161039233,-1.789159656,1.543371558,0.073620446
-0.969931126,0.472848445,-1.389898896,-0.490639478,0.273873031,0.28910616,0.018178428,0.545859456,-1.296151876,-0.152209848,1.571359277,-0.31036815,-0.468330562,-0.046013914
0.32626465,-0.296702802,-1.602896333,1.150160551,3.012153864,0.84795922,-0.264476717,1.230531335,0.590811074,-0.67852366,-0.143188938,0.897111535,-0.567324817,-0.662784934
0.091496825,0.986476839,-1.614444852,-1.185592413,0.365406811,2.113121986,-0.59228617,-0.20898886,-2.067097187,-1.322150469,0.625963151,1.158806324,0.954587936,0.887169719
0.555904984,-0.31446141,-1.473589182,1.177269816,0.605589747,-0.700310767,-0.776596308,0.478540927,0.064958379,1.12951982,0.639838159,-2.097933054,-0.956795275,0.037536137
1.20078063,0.909045339,-0.173633263,0.985221267,-1.735685945,-1.709670782,-0.078317337,-1.858508945,1.092200041,0.779375196,-1.407310247,0.624315202,-1.321071506,-0.051522005
0.551340878,1.200110197,1.083655596,0.132884383,0.486580014,-0.282605469,-0.154434636,-1.976981521,1.125778556,0.088285029,0.5946365,-1.706456661,0.569237888,0.301344782
0.571406603,0.636171877,0.07820747,-2.711550713,0.075950101,-2.024897337,0.204195648,-1.626230955,-1.63148737,0.2162368,0.828396976,-0.546456516,0.303908348,0.759116352
-1.381323218,-1.523856878,-0.206672773,-0.120774366,1.211322784,-0.508873701,1.902572036,-0.403374761,0.5244084,-1.866999269,0.795957088,0.299115896,0.558793366,1.040353179
-0.712062657,1.690096498,-1.342817187,0.291279405,-1.158763409,0.331701636,-0.041728709,-0.670770586,-1.362908125,0.798547685,0.004833072,0.348421842,-0.350622386,-0.536325455
0.786748707,-1.34098649,-0.324114859,-0.103469968,0.288960278,-0.242070049,0.990062892,-0.886029184,-0.601608872,0.662539542,0.022445137,2.068441391,1.166359782,-0.38911289
-1.861801744,-0.178208753,0.586678684,-2.324209213,0.733641505,0.56639111,0.372909784,-0.752732933,0.434479445,-1.044585466,-0.488789737,-0.383173466,0.987163365,-0.604464352
0.755781829,0.044353783,0.114579201,-0.443205267,-0.661587417,1.580571175,2.49665904,0.931934059,-1.036379337,0.601248622,2.188794136,0.150499821,0.27113542,0.779216826
1.074262142,-1.361196041,-0.246162206,-0.381099105,0.701162994,0.089332514,1.687271595,-1.131309986,0.282061934,-0.450930566,-1.726374149,-0.820563674,0.325646281,0.336445838
1.21363163,1.155472636,0.008025351,-0.02145621,-0.527902663,-0.932136536,0.675865054,1.256096482,1.043314695,0.409237176,0.21356979,-0.047218021,0.495526254,0.111038871
-0.3981947,-0.530543864,-0.240180105,0.743587792,-0.264144897,-0.668735027,-0.328899831,0.127204105,-1.087888479,-0.750802457,-0.773456872,0.976207078,-1.276490688,0.415727288
0.086182132,1.501071572,-1.121023417,-0.830246031,0.230734244,0.043647978,0.713718295,-0.49241522,-1.579755664,-1.061434269,1.609586835,-0.802760661,0.367190927,-0.056236308
0.128545046,0.146404907,-0.656103909,-1.078846812,-1.182675362,-0.502783597,-0.894214392,-0.98707509,-0.023354294,1.045056462,-0.420555264,0.094727717,-1.46802783,0.570318043
1.176950574,0.096456565,0.318022311,-1.072851181,-0.8769297,-0.030402362,-0.232117683,1.482287049,-1.16189158,-0.859207451,-1.376570821,-0.714687586,-0.167005494,-0.915380359
0.458837688,0.108389057,0.30814746,-2.365296602,-0.522340715,0.064740904,0.260808438,2.026288271,-0.168380544,-0.314966053,-1.01766026,-1.056016803,-0.236686215,0.169415832
-1.16315937,0.128418282,-0.55014807,0.733004034,0.230298489,2.552380323,-1.212403655,-0.868501246,-1.371875882,0.118832819,0.102531403,0.191930681,0.694365144,0.264505684
0.606393218,-1.10142076,-0.501815259,-1.00969708,0.003525166,0.380746603,-1.361707687,-1.230875731,-0.230849832,1.485303521,1.15525043,0.111214429,-0.543073595,-1.413093328
0.84586376,-0.631558418,-2.376578569,-0.712649345,-0.192226112,-1.269296408,1.066200852,-0.327879339,0.006967403,0.87150383,1.346048474,-0.595398962,-0.699272633,0.961062312
1.134221315,-0.152026772,2.256522655,0.358200192,0.544175923,1.503422976,1.547509551,-0.360044718,-1.051057696,0.252986044,0.119359933,0.354243547,0.01224932,0.667548239
0.792600513,-0.872592747,0.060624387,1.60443151,-2.212135315,-0.397726893,-0.665804327,-1.130990624,1.737643361,-1.151989698,-0.764501154,-1.615225554,1.771654129,-0.901521623
-0.670240939,0.887807369,-0.481959403,-0.809596241,-1.060720563,-0.464621097,1.118185759,-0.643999338,0.117252514,-1.388506651,0.798893869,-0.866616488,-0.040058419,0.233928382
0.124259807,-0.965384483,1.930347919,0.228760988,1.55779171,0.174374208,0.191230446,0.05296294,1.221827865,-1.710820675,-1.309765458,-1.341186404,0.544533312,-0.208800286
1.34201169,1.515271187,-0.645474315,-0.433459163,0.130274788,-1.503418446,1.58782661,-1.070404768,2.346414328,-0.678905129,0.497628629,0.923138678,-0.98780185,1.88231349
0.072063819,-0.311034471,0.255829215,0.982576549,-0.110899396,-0.560522139,0.796632946,-1.080908775,-0.386691421,-0.910719872,0.029758474,0.374725372,-5.25E-05,0.856539726
-0.257603645,0.96927458,0.585006416,-0.121177278,0.330582738,-0.410633087,-1.101731658,-1.335671067,1.310289979,0.994076312,-1.056849837,-0.48105529,0.257496506,1.263592482
-0.69134748,-0.533756077,-0.878838897,2.515056849,1.126920104,-0.582860768,-0.039654512,0.311131924,-1.253984571,0.794199944,-0.576363981,-0.414976656,0.749839127,0.636006713
0.63682735,0.17566739,0.947150111,-0.784613431,0.244172916,-0.078014992,-1.412446141,-0.37008357,-0.575788975,0.349723846,0.307346702,0.425263554,-0.698426187,0.500728309
-1.380336642,-0.650035441,-1.820937157,-1.443955183,0.329192042,-0.882273912,2.328696728,-0.306741565,1.295906782,0.207881182,2.169749022,-1.348232985,-0.574421465,1.552747846
-0.164844751,-0.346880883,0.226455048,-1.896899939,-0.821373284,-2.580274343,1.040559769,-0.674546599,0.129441962,0.168387577,-0.701761961,-1.145450473,-3.155864,1.663588643
2.019420385,0.716100872,-0.82361728,0.981167138,-1.967509031,-0.825403929,-0.800753176,-0.360587984,-0.760726869,1.575758815,0.015904807,-0.176392779,0.761904299,0.886732757
-0.036993358,-0.12305858,0.383457094,-0.146107852,0.343692452,-1.236750007,-1.261883974,-0.553828835,0.608566463,-2.188993454,-2.128069639,-0.311544776,0.59055835,0.293412656
0.709503949,-1.665984035,0.27826795,-0.374478251,0.925416291,1.373526216,-1.395289421,0.127020836,-0.53207612,0.460313201,0.414180666,-0.886301756,-0.518469155,-0.604017138
1.33582592,-0.329638422,0.737361491,-0.32761243,-1.080811262,-0.266124547,-1.016567707,-0.306235731,1.468658447,-1.729568481,-1.356881857,0.353369117,0.22211802,0.612705708
0.411978811,-0.710667551,0.560450613,-0.298427612,-2.20049262,-0.259477198,0.214886263,-0.91484338,2.769039392,1.18353343,-0.064826392,1.315629601,1.020850897,0.236346006
1.713680267,0.673414171,0.352969557,-0.49354586,0.167678371,0.743040383,-0.379743397,-0.822841525,0.559448242,0.634677827,-1.993749142,-0.256835669,0.471839637,0.907145917
0.602881074,-0.878914058,-0.541985452,1.458032012,0.802350044,-1.631769061,0.338764936,-1.798020601,-0.227018386,0.13856636,-0.970170259,-1.172435403,0.050980829,0.462479383
-0.743588209,1.161932468,0.001876854,-0.980389535,0.238917038,0.318144321,0.032155465,0.927568376,1.160381317,-0.691892445,0.113470957,-0.136215746,-0.894304037,-1.710760713
2.271750927,-0.219572023,-0.231099874,1.034689426,-0.449723095,-0.108235136,2.036784649,1.51407218,0.443493396,0.276126653,1.442900419,1.04169631,-1.851955056,-0.876583278
0.597972453,0.258498102,-0.775807202,0.205820903,-1.368245006,-0.865891218,-0.181813434,-0.549040377,-0.077938624,-0.602925122,-0.575160384,-0.725272059,-0.54601562,0.46898976
-0.350801587,0.028115466,-1.065149188,-0.045733646,0.263448656,0.428895056,-1.04775238,0.563426793,0.652742982,0.001518896,-0.371042103,1.667622328,-0.343851298,-0.53712666
3.466619015,0.020388633,-0.333603084,-1.317022085,-1.238747478,0.037434295,1.889386296,1.408163309,0.877618074,0.767322004,-0.837416828,0.939403176,1.333568573,-1.166734219
-0.690992296,2.408801794,-0.007760659,-1.54633379,0.688496649,-0.159321621,1.79758203,0.743515432,-0.56343627,0.386190265,2.119344711,-0.707151473,1.008390188,1.19431901
-0.205745846,1.131575346,-0.169683337,-0.472261071,1.462647676,-0.62143904,-0.106660381,-0.071967073,0.191896334,0.127510384,-0.31890589,0.829404414,-0.600807011,0.799169183
-0.869342327,-0.010665381,0.898844421,-0.841548264,0.120781906,2.431237698,1.286467791,2.18568325,0.565687239,0.067397669,-0.102015488,0.793016434,0.523706198,0.461924016
0.409089029,0.206133842,1.138322473,1.395657063,0.861350119,-1.18388164,0.473641574,0.4827604,-1.988051414,1.047497749,0.202780381,0.139614344,-0.704809308,-0.760307312
-0.794570744,0.859962463,1.113613009,-0.324653506,-0.634144664,-1.704359651,0.066930667,0.435211867,0.34991619,0.820703864,-0.108573064,-0.061482996,1.684364676,-0.555660963
-0.404757977,0.593370855,0.206933588,-0.618736744,1.998205423,1.236471772,2.225914717,-0.328096092,-2.26909852,1.721236706,-1.022073746,-1.39500773,-1.499907136,-0.557808161
1.658807993,1.135213494,0.939034879,-0.318636835,0.20776695,-1.411510468,-1.873354793,-0.323247135,0.721272588,0.76548624,-0.82158798,0.401055366,0.740498304,-0.468923926
0.21218814,0.130399436,0.645939231,0.051223859,0.626961589,2.37679553,0.187715888,0.443553597,-0.012780795,-1.163292766,0.490062594,1.048630238,-0.329740822,0.492755204
1.080568671,0.67815274,-0.332682997,1.311087847,2.142109632,0.066896781,0.052524701,-1.881625295,-0.786855519,-0.344296306,-0.381212384,0.995623469,-0.538289905,-0.432468891
-1.009293795,-1.032852888,0.071466066,-0.546222508,0.059905894,-0.170572773,-0.80780077,0.052144375,0.774754882,0.204466686,0.161886781,-0.580177248,-0.17564477,-1.037417054
0.409145921,1.10907495,-0.507076263,0.04237191,0.650304437,-0.99321866,0.829579711,-0.17937395,-1.81810534,-0.560529351,-0.353881836,0.717000723,0.762259662,1.400772095
-0.370127112,-0.551625729,-0.501234889,0.572963595,-0.519263446,2.06003809,-0.282597899,1.397041917,-0.528618157,0.569034576,0.211434439,-0.828477383,0.456698149,0.528472364
-0.435605884,0.092276834,-0.049583662,-1.693484187,-1.535047054,-0.951843381,1.327130556,-1.554332018,1.165190816,0.081925273,-1.17070055,-0.732292652,-0.099000774,2.91242075
-0.897685826,-1.420876026,-0.029726725,1.046968818,-0.269185603,-0.644877791,1.500677228,-1.280211329,1.669352412,0.202609763,0.830317974,-0.476823479,-1.082136393,1.887821436
-0.579264402,-0.334560812,-1.520728469,-0.744750857,-0.614325941,-0.435062379,-1.194079161,-0.407543898,-0.208872527,0.588799059,-0.790614843,1.316775203,-0.688082814,1.272178411
-0.401229888,-0.793372512,1.54997921,1.611703992,0.512994468,-0.520138919,-0.321993589,1.165694356,1.071212411,0.781885147,-0.420310616,0.560046136,1.291069031,-0.149959818
-0.813185632,-1.060940385,-0.38666603,0.435200095,-0.753960311,-0.202687606,0.94013226,0.648801684,0.404833049,1.370285749,1.775068045,1.465819955,-0.580042839,-0.088051468
-0.930095673,0.129075006,-0.647241652,1.311349273,0.506960988,1.262203097,0.54844898,1.351661563,0.716795623,0.887429297,1.25894165,-0.377947778,0.796198726,0.042101935
1.36905694,1.018453598,0.7505247,0.39205125,0.883713067,0.214759007,0.719361603,-0.039226111,0.747778118,0.838306308,0.181341231,1.763478994,-0.259324133,0.23677443
-0.523460567,0.665707111,0.349880725,-0.954408407,1.070301652,-1.363128781,-1.439068198,1.228191853,-0.344374895,0.688434184,-0.095100574,0.976805627,-0.736039698,-0.196019396
0.254657745,-0.012850346,1.908377647,-0.077791683,-0.941615343,-0.116066925,0.349493355,-0.124956235,-0.441146731,0.35892719,-0.149004862,0.236724988,-0.422761559,1.514431596
0.979174554,1.406246901,-0.993629098,1.399624705,0.116011761,-1.920449615,0.834559441,0.320451289,-1.138324142,-0.150754094,2.688873529,-1.266265512,1.405425072,-0.5052616
1.839645267,0.735795379,-1.19054687,0.79022789,-0.22314465,0.890205026,0.127177656,0.216786087,2.844244957,-1.498961926,0.494261235,-0.28743884,1.446437597,-1.147753119
-0.941983938,0.180797353,-0.558387339,-0.094856471,-2.569894791,-0.366006166,-0.344736814,0.222012788,0.174011096,0.026721478,-1.682069182,-1.470252395,1.484402776,-1.656269312
-1.23744607,-0.05590919,0.232609853,0.251413107,1.200237393,0.433055967,-0.466197431,0.157797933,-0.60444057,1.110690236,-1.103814602,1.743033051,0.23377192,1.473030925
-0.572242618,0.719636202,-1.910418391,0.007448796,-0.031373955,-0.93167752,1.49748373,0.715248406,1.033015132,0.677909672,-0.855191588,-1.32343781,-0.227565214,0.639233649
0.863220572,0.314243883,1.165097237,-0.254830807,1.899002075,1.354527712,0.494465172,-0.880844891,0.044755746,0.317049354,0.950093389,0.104595616,-0.701261163,1.105130553
-2.667565823,-0.690752745,0.298223525,-1.306493759,-0.823565602,-0.298999101,-0.222823262,0.114465967,0.463583231,-1.571723938,-1.398821712,0.777021706,-1.548783302,0.699392498
0.694957554,-0.059998568,0.733445883,-0.770062208,0.191067502,0.890111923,-1.895596027,0.202075109,0.948334992,0.056375209,1.070499659,1.804948926,-0.091558337,-0.738858581
1.669692159,-0.878202379,-2.112947941,-0.774874866,0.710080266,1.782358527,0.146456733,0.831138611,1.964335442,-0.601731658,-1.05659306,1.720677614,-1.333803177,0.353538036
0.050115176,1.845701218,0.283832759,-1.219213843,-0.261241287,-0.112993754,-0.934639633,-0.475908548,-1.297970891,0.216500923,0.333039045,-0.752076387,-0.929899752,-0.580127954
-1.283451438,1.592463374,-0.054111023,0.356329978,-0.353176326,-0.523034334,0.985651612,-0.810377717,-0.772471666,-0.288977027,-2.02947998,1.248310208,-1.467416763,-0.750173032
0.906792104,-0.843522012,0.883600116,-1.760629773,-0.592747033,0.724486053,-1.044837952,1.289685965,-0.752892196,-1.444895148,-1.199584246,0.89953512,-0.862266243,1.271527767
0.572447062,-0.087029755,0.785468638,0.443215191,1.222988009,-0.338381648,0.685024083,0.200804919,0.76372093,-0.860143483,1.501399517,0.619415045,-0.188981444,0.281426579
2.071952105,0.500991881,-1.440957785,2.280179739,1.430806994,-0.69528079,-1.348194361,0.640323639,0.553170145,0.512580514,0.669153571,-0.229805395,1.366363883,1.744516611
-0.236810058,0.976269484,-0.650669277,-0.942587078,1.166625619,2.154536486,-0.311841607,0.364558518,0.267286837,-0.314549446,-0.222328573,0.584242105,-0.648152888,-0.272477925
1.804978967,0.16161795,0.68713963,-0.714104474,0.980956912,0.138674781,-1.05410409,0.128464043,-3.241272449,0.261020422,0.237848818,1.397024632,-0.012183059,0.48708111
0.211403891,-1.870115638,0.768694639,0.74175483,1.370825291,-0.740067601,-0.735485971,-2.006769419,0.655835211,0.827316761,-1.281248808,-0.696702957,-0.00465366,-0.116762519
-0.894387126,0.099172339,0.050314307,0.834308028,-0.784085333,-0.680036366,-0.40190959,-0.080715589,-0.002392456,0.284929097,1.397328854,0.254888147,0.627896369,1.983786583
-0.466027707,-0.012248076,-0.262541652,-0.955849528,0.248152927,-1.873443365,1.095228314,0.146124661,-0.724314272,0.328526795,-0.791512728,0.961543441,-1.470255136,-0.323518902
-1.450383306,-0.093660444,-1.088811517,0.881398797,0.215923309,1.237232208,-0.21233198,0.111048162,0.361352026,0.981885433,-0.682530582,1.03728044,1.317510128,1.087501645
-1.627326488,-0.126461342,-0.486265033,-1.191009521,-0.272567719,0.009004645,-0.267778248,-0.129954696,-0.595058322,0.348587453,2.140331507,-0.703074455,0.03932206,2.529839754
1.207464099,-0.46020031,0.296921551,-1.69443512,-0.879554749,-0.299057335,-1.404886842,0.552874923,-1.585460067,-1.205955505,-0.691760123,0.704184353,0.542307675,1.358313203
0.62997371,0.876682639,-1.614927173,-1.741679668,0.766151845,0.241961062,-0.019555593,1.220801592,-1.048939228,0.129520953,-0.450467348,-0.79483521,0.610254645,-0.916661203
0.400882125,-0.442044348,-0.258159548,0.349123031,0.543094337,0.266237259,0.764439702,-0.760700405,-0.359608799,2.237208128,0.600969195,0.871109366,1.616426587,0.412094474
-0.096735992,-0.790793955,-1.949487686,0.530528307,-0.113143981,-0.545656085,-0.703189433,-1.526950717,0.103987709,0.17005752,0.207612634,1.599338651,-0.030324019,-0.375044644
0.048097968,-0.521831512,-1.193140864,0.739524722,1.038377762,0.086580761,0.533602715,0.22239618,0.655497253,-0.362303138,1.089563608,0.047864933,-0.657389522,-0.687355399
-0.250509828,0.400362045,-2.006968975,0.142745167,1.200962663,-1.477341294,-1.683374524,-1.223592758,-0.516467154,0.437210828,-0.202775836,0.634603322,0.651205659,-0.53650099
0.076889701,-0.26248014,0.694437921,-0.743931234,0.895691872,1.38473177,0.960665643,-0.579597652,-0.309631437,0.080484949,-1.381054044,1.995230794,-0.504432142,0.775644541
1.287900209,-1.781049252,-0.939439893,0.194371298,0.625135541,-0.800647438,-1.065728307,1.118343592,0.580002069,0.441007912,-1.566684842,-2.377771854,0.428586453,0.070634626
-1.075066566,-0.937909961,-0.128575444,0.812269688,0.46043244,-0.555511713,-0.105109848,-1.201429486,0.771189332,0.197664157,-1.469336152,-0.189568847,0.584091067,1.29837513
1.543870211,-0.453390867,-0.320025653,-0.064539373,-0.953117371,2.383584023,-2.589854956,0.26552242,0.639158547,0.172551423,-0.455424786,-0.529728115,0.594102263,1.165374517
0.074333027,0.150418058,-0.050742116,-1.210729003,-0.671323895,0.137852937,-0.045163296,-0.051525433,0.762814224,0.771308124,-1.038482308,1.720426202,-0.745880067,0.239701688
0.669887006,1.194143176,0.803104222,-0.198142633,0.861528635,-0.766107976,0.917940021,0.453089923,0.982734263,1.651300311,0.52110368,0.499457717,-0.512025833,0.091541
-0.77158308,1.365338206,0.237661108,1.795134783,0.98880744,-1.0262115,-0.812278807,-0.936573744,3.425739288,-0.923141122,-0.148368359,0.501227856,-0.328159809,-0.352351874
-1.422346592,-0.198582396,0.075964227,-0.287585914,0.07537704,0.551705837,0.663954616,0.837301373,-0.876250982,-0.435969681,0.166119799,-0.552909553,0.57306689,-0.160164431
1.123681426,1.182940245,-0.546556413,0.443974763,-1.014730215,1.18351686,0.613634706,0.332987159,-0.448713303,-1.644582391,1.316443682,-1.487406135,2.218614578,1.432170868
2.09527421,2.50559783,0.002710677,1.31978488,2.690281153,-0.05420449,0.446702987,0.094084397,0.158061713,-0.134521112,1.445513129,1.053572536,-0.27305159,-0.658490717
0.446401417,0.746825218,0.322512925,-0.014422337,-0.586744189,0.106103845,2.120164871,-1.839885473,-0.104554132,-0.310206443,0.096044287,-1.361183643,0.518814147,1.182689309
-0.183547303,-0.42918691,-0.785641372,-0.206406623,-0.518185079,-1.938880444,-0.879163265,1.392342567,0.771802187,0.10104721,-1.016068697,0.760244846,0.540242136,1.576992631
0.952111542,1.154444933,-0.771939993,-0.105714411,-0.226608783,0.224311426,-0.432997644,1.010109425,0.175188333,0.456268638,-0.128279418,-0.286193192,-0.120558396,-1.402002573
0.295218676,0.574073434,0.4263708,-0.480616063,0.119587936,2.264648676,-0.190422416,0.638109326,0.189700186,-1.087845922,0.804129362,-0.60704571,-0.793741405,0.958292246
-0.019010415,-0.159387231,0.64443332,1.332688212,0.025804944,0.555823624,0.973189294,-0.740643203,-1.488936901,1.117181897,0.398718268,-1.712937951,-0.880597651,1.293601155
0.276744574,0.653099239,-0.692201138,0.480757922,-0.137438342,0.744714379,1.483336449,0.556465566,0.183239847,-0.243570223,0.577134788,-1.833518744,-0.291900247,-0.273788601
0.620676816,-2.189703941,-0.612074375,0.713375986,1.257322431,-1.007528424,-0.519152105,0.451847255,0.478456318,0.215529427,0.065514252,0.329327792,0.183233276,0.529450476
0.307909131,1.559994936,0.430171907,-0.027106298,-0.040453199,0.004581043,-0.958339989,0.44492808,0.053401008,0.578585386,0.185930863,-0.67558527,-0.747950494,-1.600513577
2.25752449,1.561989546,0.806912661,-0.472640812,-1.768355131,-1.328826427,-0.993581951,-0.129179671,0.654261112,0.81315434,-0.850012362,-0.461504877,0.992301702,-0.623205185
1.291449904,-0.383875757,0.238461226,-0.935321748,0.780279934,0.425126135,-1.160152197,-0.257319689,-0.429039955,-0.776521087,-0.105042644,0.985964179,0.153633058,-1.303480506
0.352397919,0.760096014,0.3753241,0.360749811,0.388483167,0.275451094,-0.409989476,0.894498408,0.256911188,-0.962663651,-0.266565591,0.566675305,1.634780407,-1.443089604
0.934710741,0.436089844,-0.65734303,0.567538857,0.125712499,-0.12693876,-1.89948833,0.047945112,0.218391389,-0.670871437,-1.896839857,-0.296102434,0.508348644,-0.802834213
-0.675631344,0.320560545,-1.172315955,-0.096211888,-0.289507806,-0.776014328,0.768479705,2.628106117,0.27123183,0.070362382,-0.228645444,1.144762993,-0.442714274,-0.964967012
-0.539337218,0.34117195,-1.635566354,-1.223501205,-0.350363314,-0.40116483,-0.396316946,1.557807922,0.266231477,-0.482714802,-1.11771667,-0.075720698,0.836797118,0.186807096
0.109245859,-0.28726694,-0.794095993,0.17706804,-0.052421216,-0.688545346,0.466773957,1.291449666,0.083850473,0.18713963,1.362505913,1.064611912,-2.911670685,2.677739382
0.328264177,1.65638566,-0.798713267,-0.345236838,0.495538175,-0.286961496,0.240485623,-1.162615299,0.457914412,0.834699035,1.455102563,-0.265860409,0.281850666,0.85380435
-1.437784314,-0.246586174,-0.871048272,1.556803346,-0.336797565,-0.929008603,-0.982166588,0.564957023,-0.049603723,-1.57316184,2.546557665,-0.917627931,0.857610643,0.048942659
0.728081346,-0.682588518,0.586813152,0.480781168,0.12417087,-2.450875521,-0.507357001,-0.301552832,1.185913563,1.142303228,-1.837303758,1.053889632,0.966200829,0.629120231
-0.139519468,0.401482016,0.644443572,0.445900708,0.470899284,0.42905122,-0.212836802,0.640751302,-0.345454454,-0.557480216,-1.887545109,0.915589333,0.104917288,2.253537893
1.030894876,2.279748678,0.702772081,0.016557585,-1.192746401,-0.007726912,-0.507331312,-0.529404402,-0.523975313,0.218911231,0.733975351,-1.028900981,-1.227843165,0.8751477
0.939620793,0.849492908,-0.181762144,0.372370988,0.807978868,-1.539272547,0.412715316,0.611652732,0.213274077,-0.402602553,-0.963280797,0.452991068,0.540030658,0.635263681
-1.518280625,-0.703479886,0.113670245,-0.500599682,-0.252301544,0.433701426,1.167131424,0.623571992,-0.83446455,-0.455120295,0.739463568,-0.178656906,-0.676293969,0.214435428
-0.246962428,-0.206466436,0.545835733,-0.215331629,-1.583006978,0.159038231,-0.374482661,-0.18010956,0.848569036,-0.281720668,0.326614261,0.715912044,1.299482822,2.037132025
-0.17997995,0.90626049,-0.477356017,-1.031348109,-0.305296481,-0.239154413,-1.540148973,1.128783345,-0.176273122,1.114040136,0.922416866,0.965540588,0.765824795,0.405024827
0.463926792,-0.413723975,-0.398282796,-1.855032682,-0.934680641,-0.661340415,-0.091917738,1.745367527,-0.029480465,-2.082834244,-0.099204496,0.523442805,1.077348709,0.397685736
0.607991934,0.220998451,0.408791482,0.550856054,-0.168046057,0.632026315,-1.628044128,-1.278192639,-0.710681438,-0.040674407,-0.459170938,-1.154958129,2.64302969,0.408734411
0.258325249,-0.378114522,1.052369475,-1.588579416,0.502046406,1.554277301,-0.336682081,-1.649451971,-0.34067592,-1.756290913,2.21126461,0.578760326,1.11410296,0.208163932
-0.698745787,-0.231281534,0.492420524,-0.567107022,0.579956055,-1.244062304,-1.40656209,-1.126262307,-1.641182661,-1.285333633,0.040492129,0.691412628,-1.562346339,-1.078104734
-0.72403729,0.438260555,-0.138481155,-0.379039198,-0.213613823,-0.993123531,1.349846005,-0.552436173,1.492469192,0.528842688,0.632524848,0.611857772,-0.790636003,-0.277954042
1.246588469,-0.335075378,1.457923055,-0.998342037,-0.315375239,1.173195481,-0.296194285,-0.740801871,1.12128818,1.197676539,1.191578388,-1.052134633,0.486117333,-0.14156124
0.309421927,1.163418174,-0.614515901,0.229193896,0.881977081,0.440978825,-0.736886561,-0.141476005,-1.250528693,0.863569617,2.144046545,-0.347325146,-0.246792704,0.545011699
-0.194728032,0.901102304,0.048035003,-1.037917733,1.133457899,0.043166582,2.044007778,-1.640734553,0.02490492,0.713564396,-1.250216126,0.530422926,-1.864766479,-0.232919812
0.308947146,-0.226325005,-1.402206659,-0.267678797,0.537971139,0.282543063,-1.007559419,0.093117595,0.088780381,1.822559118,1.900146008,-0.302277923,-1.029041886,0.887164056
0.922853947,-0.916863561,-0.042614389,1.176010013,-0.590247095,0.13833937,-1.389068127,-0.206340879,0.103133984,-0.283334821,-1.075910807,0.685323834,1.213819861,0.03000555
-0.489359051,1.226053715,0.305782646,0.098154552,0.246426105,0.601074398,1.452531457,1.484584093,1.168115258,0.364582121,1.124825835,-0.571154654,-1.234288335,-0.071636312
0.326788008,-0.171013609,-0.693839669,1.76819694,-0.211151019,0.30791685,0.331308037,0.377075374,0.068664238,0.370729864,-1.269325972,0.53260392,0.022392713,0.104675636
-0.597604454,-1.02624011,0.457630098,1.009945273,-0.810838044,0.184402585,0.055192202,-0.176404268,0.802836776,0.482914954,0.440376431,1.020659089,0.476167709,-1.846700907
0.387903541,0.624280035,2.485153198,-1.226203203,0.782866299,-0.000264363,1.842258811,-0.590239763,-0.144949898,-0.49154228,-1.34137249,0.078962415,1.083165288,-0.307052225
1.99730742,-2.775823832,1.601062298,-0.407683164,-0.161907852,0.272519827,-1.730492949,-2.398180962,1.260044932,-0.418266356,-0.127745107,0.23728469,-1.38690877,0.187864363
-0.190233454,1.123461723,1.310317278,-0.231674686,-1.231863856,-0.320025563,-1.334933281,0.267424971,-1.783515096,0.354958862,-1.144395471,0.204089746,1.268471479,-0.838929236
-0.791041255,-0.336341202,-0.15963231,-0.917842865,0.76952213,0.0483412,0.680009723,0.759260058,1.038195968,1.539151311,-0.437365264,1.262115002,-0.639799953,-1.108747721
1.842053175,0.335469574,-0.082597286,-1.112473488,-0.40481326,-0.216478512,-1.131805778,-0.411922485,0.532657444,-1.660410047,0.025254462,-0.427650809,-0.244441643,-0.324461222
-1.813840985,0.460315734,-0.113672324,1.181872368,0.383224279,-0.071332313,0.648110569,0.486592561,1.073685884,1.68619585,1.677286148,0.233440444,1.009339571,-1.311434031
-0.764342189,-0.923249722,-0.091563433,0.819898665,0.628656566,1.682131171,0.553289592,-0.057122566,0.996148765,1.364526272,-0.03883468,0.225267038,-1.32528615,0.55851537
0.429079384,0.03837385,1.26407969,0.911488354,0.880858302,0.923173666,-1.684660077,-0.650770605,0.855714679,0.879744768,-0.625289977,-0.992029309,0.134350911,0.409004539
-0.955670059,-0.258286625,0.209419087,-0.435045183,2.475407839,-1.365290284,-1.739880443,0.713858902,-0.022457341,-0.068529993,-0.412737757,-0.895010471,-0.24431771,0.85102129
1.827573538,1.739497542,0.948893309,-0.606598854,1.063809633,-2.182787895,-0.487438112,-0.961828709,0.255073398,1.185993671,-0.212426081,-1.250270724,0.072744787,0.763438284
1.302637339,-0.741581261,0.611309469,1.475220323,-0.169574246,1.127205491,1.133759618,-2.723510504,-0.576001644,-0.370116472,0.406360269,0.541740596,-0.195206746,0.450345486
1.557808638,2.222783804,1.144387007,-0.13585031,0.349215537,0.634140432,-1.084847093,-0.901285589,2.030963421,0.047803931,-1.416874051,-1.319260836,-0.100006692,0.150173545
-0.553951502,0.261904866,0.796592236,-0.67391175,0.618326664,0.604924262,0.951068282,-2.861283541,-0.16661717,-1.563927054,0.509666145,-0.337048888,1.609452128,-0.408716887
-0.565410018,2.098567486,-1.633449793,-0.939465404,0.266330361,0.037671737,-2.132135868,-0.26819706,-1.170180559,-0.924873233,0.069942541,-1.486604691,0.150296435,1.157613635
1.245273829,-0.508541882,-1.200229049,-1.744805694,-0.707719803,-0.407243431,-0.022638354,-0.527256668,1.169101119,1.317512274,0.037733603,2.714342117,-2.539413452,-0.365071952
0.164525315,-0.311228812,0.025694262,0.396325171,-0.775703073,-0.478218973,0.505159199,1.110953212,0.299034297,0.510377049,0.544607043,0.253710061,-1.571872473,-1.492179155
1.364093184,-1.912536502,-1.513679862,0.645289004,0.423256397,0.593215048,0.981811821,-0.177332208,-0.197608128,0.090187259,1.327022314,0.060775738,-0.052139886,1.485879898
0.029893629,0.081056461,-1.509941697,0.967330337,-0.955849588,0.061196163,-0.036052249,0.254432887,-1.741320372,-0.834246159,-0.387297779,-0.204410478,-0.199592069,-0.04283816
-0.449008018,0.008809502,0.162203684,0.198532581,-0.775455832,-0.278085142,0.107246958,-2.310081482,-2.169244051,-1.298693776,-0.932153761,1.267360806,0.334081829,-1.043599844
-0.125696912,-0.784199715,0.609040976,-1.979451418,1.80841136,1.447066426,0.501034498,0.999466658,-0.45499143,1.527961016,0.116442256,1.259523153,-0.87801367,-1.982897997
1.247870922,1.396903992,-0.082533322,0.141025349,-0.382572919,0.270689696,-0.444316149,2.436483383,-0.711655378,1.172135115,0.007168539,-1.890626431,-1.409145474,-0.059043523
-1.955161572,-0.65085423,-2.02854538,1.736617565,0.520292461,0.066058055,-0.178715765,-1.063540339,-0.277013212,1.426622152,-0.610009849,-0.595585644,-0.545773327,1.842027903
2.400894642,-0.414552301,-0.535225809,0.694107533,1.278070211,0.500821948,-0.557194889,0.176621303,-0.366262048,0.000223756,-2.291999578,-0.209977791,0.673373282,-1.0637604
-1.104049802,-1.836328864,0.221443489,-0.150258467,0.38417086,-0.532259643,-1.344165444,-0.089593299,0.431874692,-0.563857436,0.536401749,-0.53314954,0.519043624,0.588990927
0.42108345,0.731033087,-0.729287148,0.329411805,-0.974957466,1.57266438,-0.015372544,-1.107071996,0.293588132,-0.58032316,0.365797907,-0.134960636,0.103368908,0.151902497
-0.219894275,1.028344274,0.524214804,-0.091582008,-0.675703883,0.405449867,-0.291778207,-0.07617224,-0.501374125,-0.372342885,1.783072472,0.197843388,-1.103791356,-0.297479898
-1.043987632,-0.438866615,1.446406841,1.137485743,-0.39416489,0.194293886,-0.264740527,0.348171085,0.895044684,-1.466081381,0.609609604,0.73019731,-1.069208026,-0.416762561
-0.056861073,0.004063576,0.889172852,-0.489020944,0.850265563,0.950541258,-0.456174254,1.099805593,-0.258095413,-0.841306269,-0.32305941,-0.346867442,0.47406441,-0.785365939
0.975656688,-1.108873129,-1.297538638,0.221825495,-0.00294447,0.442907423,-1.380780578,-0.752464294,1.362966895,2.034804344,-0.249153465,0.176984802,0.459511608,1.768820643
0.133309737,-1.075096846,1.226440191,-0.894046307,1.920057178,-0.809238851,-0.583895802,1.671122551,1.27592206,-1.247735739,-1.583289266,-0.626112521,-1.917310953,-1.238016009
-1.10307312,-0.189362779,-0.483327478,-0.640289009,-0.097772025,-0.677107871,1.030455232,0.072182797,0.414117932,1.2945081,-0.439168394,1.143777251,0.19549644,1.208070636
0.387498468,-0.419798523,-0.00750032,0.343646377,-1.391019583,0.35253197,-0.520688951,0.945117235,0.020833006,0.627235115,0.575270236,-0.412483156,-2.333236217,-0.838034332
-1.884936213,-1.031608343,-0.238253742,-1.30705905,-0.386139512,-0.001176682,0.49174884,0.362955213,-0.859647393,-0.940121353,-1.30744493,0.545695961,-0.904284298,-0.470293969
-0.00231797,0.677943468,-0.464827478,-0.904890358,1.255525589,-0.589039087,0.463539183,-1.700865149,-0.057386059,0.143338755,-0.242725223,1.314229369,0.495537907,-1.354490399
-0.093610153,0.339795709,0.35974136,0.641760051,0.250980318,-0.173590794,0.77056241,0.220303282,0.395176023,-0.605509758,-0.078586005,-1.128713489,-1.042076707,-1.199599624
-0.376019537,-0.952806532,-0.026824782,0.294881999,-0.453568578,1.028487325,-0.736044824,-0.03971561,-0.402445644,-0.5891909,-1.542113423,1.414349318,-0.686430335,0.294029385
1.022438049,-0.791340709,0.27479288,0.229730114,0.223698169,-0.621015429,-0.515045404,0.420180619,0.290717185,-1.07924664,-1.799403787,0.202801451,1.772577047,-1.036969423
1.046192408,-1.496533751,1.046981454,-0.988509893,1.438949943,-0.920578599,0.352206379,-0.311803102,-0.881641924,-0.517959297,0.607664943,0.069766849,-0.833644748,1.321875811
1.22320199,-0.582067132,0.241234064,1.069147468,1.184321165,0.167529568,0.430171192,-0.135807991,0.255231798,0.278970301,-1.792007685,0.088587023,0.5441432,-0.759629667
-0.412393034,-1.940502286,-0.946395397,-0.080546997,1.736551285,-0.886355281,0.557512343,-0.544206858,-1.430125356,-0.239080444,-0.66742146,-0.620499432,-0.379363388,-0.885862589
0.930141211,-1.30457902,0.531887531,0.02552394,1.209379315,-0.092321724,-0.74299401,0.759337127,0.389378399,0.367374659,0.283212543,0.534086943,0.268769473,-1.116459966
0.130993545,-0.585808516,0.353610545,-1.122234106,-2.107925653,0.453041762,-0.452202141,0.095140941,0.452595115,0.285958081,1.135817289,0.608991385,-1.346277714,-0.948920429
-0.167932019,1.517796397,-0.254907787,-0.34358722,-0.086172402,0.239763722,-0.092043869,0.908682168,-0.863708556,0.453909427,-1.502608061,0.739350617,0.049240004,-0.060429376
-0.690056324,-0.20347859,-0.384904712,-0.045096315,-0.681183934,-3.25033474,0.106207624,-1.849924088,-0.171930984,-2.54439044,0.228078738,-0.222931743,1.592593193,0.296491355
-0.651912749,0.467623174,0.343758076,0.332802981,-1.781847715,-0.221348956,0.154403582,-0.52022922,0.448528975,0.724827468,0.58195287,-0.077623516,-0.472387075,0.805301547
-0.847279131,-1.069080949,1.066833973,0.263521314,0.23071067,-1.944468856,-1.351535797,0.160589486,-0.668594062,1.706777692,-0.588019073,0.47913897,0.791168392,1.016094327
0.60527122,-1.008678555,-1.123141766,1.298952222,1.416022658,0.147371083,0.403870374,-0.034636486,-0.448967934,-1.665786862,-1.228013754,0.470214456,-0.854221761,-1.523637295
0.351540565,-0.406508625,-0.819259346,-1.101418495,1.048476219,0.79115355,-1.207303286,0.316044241,1.458457828,-0.274994433,0.162083,0.732787251,-1.220252872,-0.122836582
1.327380896,1.74E-05,-0.948128998,-1.078828216,1.859695792,-0.479571015,0.822862804,-0.20103167,-0.677629352,0.286561638,1.846580863,0.911815166,-1.971087217,0.382918864
1.774017811,-1.512934208,1.179469466,-0.5920825,1.338950157,-0.798735976,-1.129294276,0.040539522,2.82621789,-0.552197933,-0.220902547,-0.260855287,-0.144660383,-0.6959126
0.224033937,1.215156674,-1.405606866,-0.88576138,0.149150759,0.941666722,0.773144245,-1.019180655,-0.568325877,0.778089166,-0.483052254,1.029865146,-0.315935105,1.576181531
0.182231396,-0.482314289,2.413552999,-0.257649183,-2.180254698,0.734088123,1.430867195,0.651734233,-0.933342278,-0.203056395,-0.841024876,0.203544199,1.027664661,0.511760592
-1.014957786,1.295877337,0.213129133,-0.548565984,-0.032307029,0.642575741,0.818824708,0.073116116,1.792273879,0.018348359,0.335714638,0.428168356,1.641157508,0.741024435
-0.991666853,1.70513916,1.332014322,-1.537432909,1.708791375,-0.330183566,-0.154320002,0.335181653,0.720909536,-0.264117956,0.904238284,-0.280303299,-0.024457039,-0.643878162
0.563718438,0.970123589,1.275448918,-2.493510485,-1.595352292,1.412997246,0.858920097,0.869969904,0.164720491,0.324031174,1.79770875,0.960465491,1.465714216,1.074572086
0.566481471,0.301768005,-0.658049941,-0.295943737,-0.012086362,1.172816038,0.02323856,-0.896434903,1.099860787,1.314330697,0.155797616,0.644196153,-0.522793174,-0.348094612
-0.31994313,-0.234706163,0.048440792,-0.450061262,0.059495118,0.069390312,-1.682785511,0.366474748,-1.159011722,-0.29313311,1.931921959,-1.926622033,-1.306947112,1.031300545
-0.976609349,-1.009105206,0.426047176,-0.269662768,0.798982322,1.156737089,-0.072924204,0.344525784,-0.926663816,-0.389811575,0.623678565,-1.560741782,-1.627989769,0.54493463
0.044169031,0.759737492,0.998135984,-0.611582816,-0.067445971,1.737607241,-0.398499489,-0.759829164,0.855134547,-0.059597611,1.472857714,1.033377886,-1.780126333,1.107430577
0.77613759,1.48696816,0.437061816,-0.521459043,-0.935325921,0.198479384,0.721912444,0.818126321,1.07131505,0.634914935,-0.343791872,-1.073116064,0.220355347,1.522853494
-0.811418653,1.58132875,1.542806029,-0.940735281,-0.077200457,0.82013005,0.975568771,-1.215239763,1.026165843,1.046033025,-0.659128845,-0.704893053,-0.209601775,0.779892743
0.576153398,2.18326211,-0.512573421,1.35985291,0.029842308,-0.345441371,1.864270329,0.256073743,-0.520092309,1.126761675,1.265197635,-0.021230869,-0.494224966,-0.789626956
-1.676113605,0.394184232,0.162148967,0.90923965,0.478158593,2.414950848,-0.571651757,0.741802692,0.833108544,0.4026061,-0.655795693,-0.555452466,-0.359109253,1.154130459
-0.247412026,-0.260086209,0.073614739,0.898642242,2.132811308,-0.912550747,-0.307033151,1.859211326,-0.506114721,1.199443102,0.269927382,1.792995572,-0.526459515,0.486797482
-0.064858481,-0.065916531,-1.28418684,-0.58620739,0.839235306,0.705847681,0.356127143,-0.33628577,-0.330655038,-0.439561814,1.42143321,0.163631156,-0.797364175,-1.374180079
-0.051133662,-0.981279373,0.342340976,-0.258132845,1.095245957,-0.425851405,-0.653528631,-0.959926546,-1.534807444,0.033219647,0.1034398,0.607613444,-0.953046143,-1.662440419
0.031776577,-1.063993573,-1.34375,-0.009428363,1.068656802,-1.825504184,1.160350561,-1.370862603,-0.518602431,-0.784182906,0.209300324,0.368451416,0.086730838,0.586769164
1.384374857,1.040047884,0.063820563,1.065485239,1.455416441,-0.222867414,1.144108534,-1.894595981,-1.120602608,-0.158486292,-2.081872702,0.093734987,-0.813066781,-0.335746944
1.269901037,-0.323572189,1.989214301,0.730504811,-1.299616098,0.882084072,-1.204488635,0.307269543,1.869654536,-0.418913931,1.045783758,-0.212233722,0.089648992,0.712980509
-1.387785554,1.179135203,0.491733015,-0.743357956,-1.492565393,1.23557055,1.482012987,-0.441971779,-0.96243912,-0.003760162,-0.324969649,-0.850334644,1.690750122,0.123318575
0.413009971,0.517692745,-1.745049238,-1.062183738,-1.499077916,-2.468298674,0.471683353,-1.192964792,-1.50940752,-0.726818144,-0.727668226,0.641712606,-1.299221039,0.497625232
-0.535625398,1.406781316,0.189546093,0.275603741,0.712232232,-0.896098077,0.330181509,-1.029826045,-0.392662585,0.128091991,2.102212667,-0.536806464,-1.785387993,-1.395110965
1.143598318,-1.789668441,-0.955011606,-0.494299024,0.142600462,0.243263036,0.950526237,-0.351469457,-2.028181314,-0.206002474,-0.203003123,1.18850565,-1.510726333,-0.003581767
-0.946114659,-0.608273327,-1.022176743,0.071584024,-0.292211086,-0.061842583,-0.530072868,0.350498706,0.978337228,-0.411837518,0.730482876,0.271689296,-2.060753822,0.058134548
-0.408838212,-0.083057061,1.07003963,-1.372436523,0.639007568,-1.016334534,1.360528827,-0.725703418,0.756793916,-1.426617026,-0.095422395,1.091934323,-1.398214817,0.407519698
-0.414316356,-0.06089519,-0.048875887,0.929909348,0.891660035,-1.819639087,-0.057251856,0.673832893,0.043490831,-1.041424036,1.596396089,2.078094006,-0.749601126,0.110683568
2.463596344,-0.068147615,0.238753393,0.255772859,1.247853279,-2.218152761,-0.154151887,-0.337444067,-0.432811022,-0.10795892,1.533178926,0.020873683,-1.01668179,0.225510031
0.036222357,-0.703353107,0.509329736,-0.549107194,-0.748277962,0.640275538,-2.090776443,-0.673354506,-1.639288306,0.424331367,-0.670993328,-0.605725825,-0.097149394,0.363844782
-1.652441621,0.253715366,0.244210258,1.133070946,-1.332873821,-0.421660781,1.771823764,-0.189743742,0.109724119,0.094142437,-0.937730372,0.345588505,-0.688604653,0.07597369
-0.388276666,1.144538045,1.195973754,-0.062765919,-0.298413903,-0.880349755,-0.871622682,0.583420098,0.121362388,0.478323877,-0.480647624,-2.471693993,-0.598631084,2.694714069
-0.576780021,-1.288903236,0.951354146,-1.677195549,1.149430871,0.507789612,-1.044680476,-1.280320525,-1.384009242,-0.406130642,-1.968017578,-0.166053593,-2.095395088,-0.957911611
1.024430871,0.374057591,0.637082696,0.292718291,1.456391692,1.488087535,-0.360926926,-1.968005538,-0.148066431,0.404281348,0.532271862,0.147245839,0.611449361,0.004762587
0.934601784,-1.126218915,-0.512308359,-0.378357977,2.415463924,1.637655139,1.113085032,0.101267487,-1.505694866,0.449206531,-0.96382463,0.421077609,0.210180908,-0.720859766
-1.514362335,-0.560806274,1.33159852,0.702664375,-0.819698751,-1.927822948,-0.062264454,-1.462570548,-0.614476919,-0.098701857,1.08848834,-0.15707396,-0.102961443,-0.506599784
1.199219108,-0.502847016,2.882927895,1.040664673,0.798230588,-0.451457709,-0.157766983,0.764195383,0.288538247,-0.306573123,0.546108127,1.406230092,-0.71525836,0.985107422
0.11493215,-0.060486626,0.198597535,1.493055701,-0.268372148,0.460689574,0.219661951,2.304677725,0.430758655,-1.096351147,1.846666336,-0.078450084,0.361238867,-0.646894872
-0.47989729,1.221751809,0.358599156,-1.78441,0.192487046,-0.511218309,-0.513338447,0.438450545,0.785966218,-0.33582747,0.76784271,0.392019898,1.888635755,0.378483891
0.544247031,0.476583987,0.94154197,0.103616923,0.669883966,0.359943479,0.259043962,-0.125719622,1.493634105,-0.027161404,0.617342532,-2.365974188,-0.884742618,0.330899388
-1.299307585,-1.179942727,-0.297674954,-0.40124166,-2.173923016,-0.783732235,-1.22965169,-0.542888343,-1.579704642,0.90930438,1.33631897,0.036953013,0.646336019,-0.015288264
0.726078689,0.397914857,-0.627663076,0.91615808,-0.010425577,-0.710480034,2.031267405,2.475776196,-0.58541584,0.941581905,0.334403098,2.228650093,-1.210510969,1.408513665
0.026884234,0.391583353,1.671865225,-1.037701011,-0.240556866,0.965685368,1.221774697,-0.410527885,0.275323749,-0.152595147,1.014678836,0.257414311,-0.294445992,0.668798149
-0.014115079,0.199110389,-1.03652823,0.518823326,1.189441681,1.130612612,-0.449421167,-1.582041383,0.628410816,-0.306366771,-2.195924759,0.524090707,-0.068183646,-1.3133955
-0.99574703,-1.061454177,2.871281624,-0.03235364,-1.566474676,-0.123532571,-0.39943701,-1.725783467,0.585262775,-1.985620022,-0.184838861,-0.645817578,-0.087969981,0.303112864
0.178228363,-0.040731758,-0.974914014,-0.143309534,-0.631407201,-0.02551618,-1.885680318,0.449111968,1.895037413,0.780050755,2.312960386,-1.52150774,2.546537161,-0.523653507
-2.315897942,0.65317291,0.109715439,0.078701831,1.227912784,0.355853707,-0.050384033,-1.611990929,1.317357779,1.011399984,1.193370104,0.22931312,-0.566571474,-0.181522101
0.282582849,-0.777555525,0.372361928,-2.697006702,-0.301120281,-0.081552804,-1.523806691,1.272879481,-1.735088944,0.056157697,1.131628752,-0.661127567,0.052066885,0.834083319
0.241478533,0.843686044,0.912630141,-0.213158026,-0.871868908,0.518176734,0.109401323,-0.502299786,0.164941087,2.166732788,0.228801116,-0.687038064,-1.133109212,1.899932861
1.381333947,-2.180602789,1.296004534,1.548648357,0.435956508,1.168758035,0.407132238,0.618244588,-0.62803787,0.178086832,-0.552503467,0.648391485,-0.904066682,-0.189191073
-1.023421407,-0.417873412,0.528811574,0.359878123,-0.658320904,-1.053178787,0.726237535,0.35327813,0.524219751,-1.242137551,1.503460288,0.566038549,0.132828802,-1.314657688
0.041535601,0.900543332,-0.29867202,0.152852625,-0.426964372,-1.408290863,-1.386040092,-1.2133255,-1.165150404,0.142041728,0.87747997,0.180824995,-0.671957731,-0.261372507
3.03193593,0.414335459,0.889413774,0.480682641,0.488833219,1.036654115,1.266380191,0.686523616,1.244947076,1.160281539,-1.125772834,0.77260828,-0.022945696,-1.398983002
1.387912154,-0.855977297,0.964770615,-0.66380924,0.111492671,0.913357198,1.835416794,-1.116637945,2.006618977,-0.491292149,-1.81372118,-0.402810067,-0.039831672,0.49712956
-0.653560996,-0.562039673,-1.055332661,0.006078208,-0.820981741,0.106763065,-0.683547318,-1.380645752,0.759746313,-0.423792928,0.316458941,-1.357358694,-0.822500885,-0.408391207
-1.07185936,0.531297028,1.446684718,1.422365665,1.804080606,1.947997928,0.59861362,1.340184212,-0.599467456,0.047719136,-0.331525683,-0.351965457,-0.184212968,-1.075193524
2.029020548,0.779483914,1.634807944,-1.486589432,-0.949849725,-0.457062513,1.435963392,-1.87601614,1.021294475,-1.262084246,0.388206899,0.488341302,-0.23361361,-0.820792019
2.248562098,-0.826021671,-0.291696995,0.300311714,1.075628161,0.152258053,-1.549649119,0.743753612,-2.664111614,-1.115838289,1.988474488,-1.746092439,-1.049900532,1.083720684
-0.489283264,-0.00698076,-0.349488258,0.287155211,-0.282174289,-0.32816565,0.735834479,0.62812531,-0.285001814,1.28824544,0.214867398,0.164485991,0.496878654,0.047361571
-0.436571389,0.010086633,-1.218514681,1.128894806,0.609829903,0.322657526,-0.440943986,0.496837169,-0.40596047,0.180962592,-0.956895888,-0.869165063,0.273755819,-0.996535122
0.817427397,0.846329689,-0.95252645,-0.972096622,2.565637827,0.47332868,-0.121845543,-2.967927694,-0.114380941,2.426152945,-1.232923746,0.511275589,-1.385881186,-1.265106559
-0.723777354,-0.485232681,-1.465541482,0.461999625,-0.850861013,-0.65900898,0.16844216,-0.354279578,-1.319526672,0.888195038,-0.644897759,-0.701219559,1.017704606,-0.241299018
0.854079545,-0.04094407,-0.943333685,1.27042079,1.2636199,0.995333314,-0.54203403,0.300162464,1.004730821,-0.33299768,-0.433245152,0.104759254,-2.00526619,-0.297426552
-0.613712609,-0.779277086,0.426637232,0.678539932,-0.201435596,0.277080327,-0.92037648,0.972511411,-1.092642426,0.348641932,-1.541564703,0.430775672,0.704515278,0.251340717
0.531403303,0.082998395,-0.111359358,0.855576217,-0.876653194,0.568111479,0.225419551,-1.230596423,-1.183815479,-0.476209193,-1.497477531,-1.457917929,0.725189149,0.082039654
1.767297983,1.010852337,-1.019412398,-1.145801663,0.255430341,-0.045141991,-0.585979283,-0.021367092,-0.013367566,-1.608684659,0.642358363,-1.141360879,0.701586127,0.664047062
1.254694223,0.362632066,-0.730565369,-0.875577629,-0.602438867,0.47676757,0.168179587,-0.024663974,0.302023917,-0.002476221,-1.443957806,-0.879483044,1.125583768,-0.549203396
0.373404264,-0.05997159,0.038858779,-0.219575539,0.130126864,-0.93089503,0.432038516,-0.359739155,0.674979091,1.569871187,-0.444262952,-0.967065036,-1.332127094,-0.323028475
-0.256903708,0.477627635,-0.211274207,0.772616744,-0.533710897,-0.934798956,0.743580937,0.205083549,-1.20328331,0.370988011,1.409815431,-0.49892801,0.554504812,0.067879729
0.02272513,-0.745715797,-1.592366338,-0.596612871,-0.41698876,1.109553337,1.464985251,0.798436224,-1.271404386,0.763674796,0.199315876,0.807692289,0.226194099,0.219185218
0.043855704,-0.20521602,-1.230816483,0.199664116,-0.148168012,0.253551543,0.362934172,0.174476832,-1.874907851,0.468207955,0.070652559,0.597355008,0.306762725,0.835634589
1.288534641,2.491927385,-1.549602509,2.117703915,-0.37978828,-0.032436796,-1.945649743,-0.876343966,-0.160533085,-0.034982543,0.493195146,1.193581223,-0.931393504,-0.549149036
-0.32647112,-0.904168546,-1.723114491,-0.927013576,0.162212744,-0.200089186,-2.017471075,-0.569356382,-1.29192853,1.27643466,-0.96460253,1.086641908,-0.590844929,1.527848005
-0.064081125,-0.609593987,-0.844193816,0.928321779,-0.026158994,0.186256871,-0.675805449,-0.899787486,2.092778683,1.06289494,-1.378113747,1.787743688,0.19073911,1.928739905
-0.450796157,0.724010944,-0.490031064,-1.24539423,-0.813848197,-1.868393183,-0.371472687,1.715580821,-0.512017429,-0.690099478,1.10639596,-0.035289805,-1.094706297,0.91566509
-0.046152759,0.855120838,-0.699697554,2.165205002,0.094925106,-0.431141376,-0.229536191,-0.447785914,0.353833556,-0.20414111,1.890348673,0.357965618,-2.468844652,0.674783647
0.543227434,0.147189692,-0.048710451,-0.477248549,1.111783504,1.344769716,-0.208997384,-1.633484483,-1.189398408,1.778797984,0.52370429,-0.373009056,0.131479606,-0.452441931
-0.724439681,-1.639208078,2.01939106,-0.551844716,0.342415571,0.05383157,0.462592721,-1.153038621,-0.495972246,-0.525442421,1.020051241,-0.257181853,1.956212282,-2.205396175
1.649682522,-1.571384907,-2.486328125,3.812716961,-0.286055595,0.035758659,-1.475853562,-0.148607954,0.089387029,-0.485539854,0.761373162,-0.49891901,0.105387695,-1.701067686
-1.074999452,0.231175214,0.792269588,-0.9407745,-0.269609898,-0.439450622,0.84199518,1.407126904,-2.844693661,-1.329980016,0.810986876,-0.663358748,-0.857678115,-0.163312212
-0.076994002,-1.5331074,-0.028683688,-0.329613328,-1.163644075,0.234266162,-0.374831259,0.054222643,-0.977695704,0.097152404,0.425839156,-0.24200739,-0.387310326,1.127898812
-0.484508842,-2.103956938,-0.7041412,0.343654364,-0.436656117,-0.387103021,-0.778491199,-0.250435293,1.424874187,0.538508773,0.677773237,-0.047559455,-1.028646946,0.652673721
-0.304016978,-0.497515231,0.635733962,0.43970421,1.427926898,0.771355748,1.37221539,1.014994025,-0.387001216,-2.355714798,0.710763395,-1.019786596,-1.223258734,0.637423933
-1.069230199,1.529031754,-0.883489907,0.028657688,0.176697284,1.423879266,0.521011889,-0.130091563,0.531550944,1.084631085,-0.206435308,2.962704897,0.508946121,-0.103799619
-0.637188315,1.036983013,0.090319015,0.387040913,-1.353883386,0.031791948,-2.160241842,0.007618165,0.478007585,0.043475945,0.805592299,0.941097915,-0.213956758,-0.015960146
-0.483301282,-0.291875958,-0.441193432,-0.857957542,-0.428986758,-0.206925184,1.961032271,-1.228056788,-0.081927963,-0.814462125,-0.872370481,-0.475771755,1.441094398,0.696108162
-0.755131245,0.365030795,-0.072556116,0.837982953,-1.478860378,1.302434087,-0.930641711,-0.755010247,0.909320414,1.647841454,0.364059091,1.114855409,-1.139503002,-0.822335839
-0.403117895,1.255313993,1.180239916,-0.822758973,0.598583996,-0.042846907,0.223705471,0.828653812,0.420171499,0.768622398,-0.370244384,0.859732389,-1.419453859,-0.3239353
0.68304038,-0.266254485,0.542622209,-0.247678444,-1.561882257,0.614330351,0.079520553,1.186591744,-2.435251474,-0.126134068,0.013055625,-0.861865342,1.264710307,1.435551405
1.705070257,0.675406814,0.909850121,-0.091451764,0.603751838,2.43236208,0.019188659,0.334263593,0.224933669,0.616022348,2.550181627,-0.597538292,0.040574156,0.264410734
-0.712795436,0.768179238,0.732110202,0.869285285,-0.537018716,1.003480911,0.705322325,7.02E-05,0.343750507,0.894249082,-0.690791011,0.583856523,1.290064454,0.541668415
0.544288158,0.457678735,0.811228633,0.52676177,-0.509664237,0.563441336,-1.035759449,-1.597965002,-0.840994895,1.495130897,-0.674318254,-0.77989012,1.3587749,-1.801805973
-0.574160278,-0.212077305,-0.584282219,-0.200387627,-0.857195437,0.641535461,-0.405381173,0.11480359,-1.008952141,1.860720277,-0.983842432,0.979432523,0.296482921,-1.243448138
2.431234121,1.257582545,0.080317222,-0.45461458,1.381000161,-1.137900114,0.369204968,1.305534005,0.514384449,1.030501485,0.006649971,0.142205015,0.775948465,-1.534210205
1.742379546,-1.113715768,1.742490888,0.357785404,2.432420492,0.037602436,-0.024317678,-1.482242703,0.162983254,-0.073973395,-0.128861174,0.712065458,0.68502301,-1.513170242
1.045678735,-0.53395766,-0.720898271,0.658563197,1.2194556,-0.420476913,0.924911737,-0.370784104,0.389161855,0.432630628,1.768252254,1.259462595,0.087438092,0.563700914
-2.18336606,-0.571007252,-0.574364483,-0.563047886,-1.790845633,0.137012035,0.092987292,-0.564738274,1.17281127,1.211558342,0.423312843,-1.526143432,-0.317024589,1.930116892
-0.760398149,2.159364223,0.186103493,-0.061571393,-1.990390897,0.1779048,-0.181312531,2.339954853,-0.173418939,-1.830702901,0.156437457,-0.979224205,-0.146392584,0.489898384
-0.000724337,-0.125106916,-0.590045691,-0.129877821,-0.669523835,0.170280725,-1.297527313,0.915703177,0.822856069,0.024197219,1.401185751,-0.361843199,-0.062503323,-0.26280123
-0.458229452,0.144130081,1.210860848,0.677682161,-1.436024308,1.739662528,0.993514538,0.455619574,-0.848354936,0.442851365,1.604057074,2.090836287,-0.941468656,-0.277285069
0.110894166,-1.440798759,-0.498371065,-2.199604034,0.12944366,2.899699688,0.322436392,1.113242269,1.297635674,-0.383691609,-1.797232032,-0.6986655,-0.311024725,0.268325716
-0.592597425,-0.631586075,0.707948446,0.773623466,1.410381556,-0.904414535,0.381369859,-1.42858398,0.178485036,1.513552308,-1.173786044,-1.017596364,-1.344041467,-0.703543246
-1.216843128,-2.014855862,1.138902307,-0.352011383,-1.751924038,0.38458842,-0.313417941,-1.950779438,0.907644928,0.344264269,0.256416917,-0.030957438,1.123684168,1.526584029
0.092475519,-0.092806548,-1.352287173,-1.289344192,0.26598233,-1.497173071,-0.135043696,1.985842705,0.308871627,-2.713774204,-0.543193638,0.961056828,0.045769207,0.851824045
-0.379685193,0.127756923,-0.06443131,-1.072944999,1.3287853,1.097240806,1.721342802,0.587642968,0.548115671,-1.812961221,-1.317222953,1.832131028,0.036452379,-0.462226212
-0.559874833,0.186372712,-0.22655493,-0.465492547,-0.510168254,0.814070225,-0.754768133,-0.701220036,-1.688011408,0.290740728,0.593420506,0.682218075,0.336645395,1.684620857
-1.084416866,-1.289686561,-0.421154827,0.859265864,1.050920725,-0.583298802,-1.234760642,0.446579605,1.230754733,0.600683272,-1.324918985,1.840968966,1.096589327,0.979305625
2.303530931,-0.597166836,0.992048442,-0.451070994,-1.3197577,-1.799524307,0.467735916,-0.0261994,-0.912979364,-0.198866144,-1.93778038,-0.595759928,-1.58046329,-0.629920661
-1.27238214,0.530027092,-0.045735016,-0.238974154,,,,,,,,,,
0.473107606,0.395927846,1.82342875,0.202971622,,,,,,,,,,
1.041093588,-0.734199166,0.397639364,-0.932696342,,,,,,,,,,
-1.144368649,-1.018544555,0.808502913,-0.43224439,,,,,,,,,,
0.679128349,-0.784628272,0.127203748,0.105693638,,,,,,,,,,
1.256798744,0.631620646,0.849597156,-0.167853475,,,,,,,,,,
-0.539228261,-1.385508299,-1.456140161,-0.413760185,,,,,,,,,,
-0.15229176,-0.707970321,0.981033087,-0.493969262,,,,,,,,,,
0.411579341,-0.776376307,0.018389842,0.193437591,,,,,,,,,,
-0.832510948,-1.187247872,0.983036637,0.769572139,,,,,,,,,,
0.665121734,0.4740206,-1.260288835,-0.56121242,,,,,,,,,,
0.293282092,0.549692631,0.972130001,-0.261290818,,,,,,,,,,
-1.229585409,-1.075259447,-0.730741203,-2.862066746,,,,,,,,,,
-0.494049579,0.191842586,0.291318923,-1.070697188,,,,,,,,,,