0.471435159,-1.190975666,1.432706952,-0.312651902,-0.720588744,0.887162924,0.859588385,-0.636523485,0.015696373,-2.242684841,1.150035739,0.991946042,0.953324139,-2.021254778,-0.334077358,0.002118365,0.405453414,0.289091945,1.321158171,-1.546905518,-0.20264633,-0.655969322,0.193421379,0.553438902,1.318151593,-0.469305277,0.675554097,-1.817027211,-0.183108538,1.05896914,-0.397840232,0.33743766,1.047578573,1.045938253,0.863717318,-0.122091576,0.124712951,-0.322794795,0.841674685,2.390960455,0.076199591,-0.566445947,0.036141936,-2.074977636,0.247792199,-0.897156775,-0.136794835,0.018289192,0.755414009,0.215268582,0.841008782,-1.44581008,-1.401973248,-0.100918204,-0.54824245,-0.14461951,0.354020327,-0.035513025,0.56573832,1.545658827,-0.97423631,-0.07034488,0.307968855,-0.208498761,1.033800721,-2.400453568,2.030603647,-1.142631292,0.211883381,0.704720616,-0.7854352,0.462059736,0.704228222,0.523507953,-0.926254332,2.007843018,0.226962537,-1.152659059,0.631979465,0.039512686,0.464392334,-3.563516617,1.321105599,0.152630553,0.164529547,-0.430095702,0.767368734,0.984919846,0.270835847,1.391986251,0.079842314,-0.399964571,-1.027850509,-0.584718227,0.816593945,-0.081947051,-0.344766021,0.528288126,-1.0689888,-0.511881292
0.291205347,0.566533685,0.503591776,0.285295695,0.484288126,1.363481522,-0.78110528,-0.468017668,1.224574327,-1.28110826,0.875475526,-1.710715294,-0.450765103,0.749163806,-0.203932866,-0.182175413,0.680656016,-1.818498969,0.047071636,0.394844204,-0.248432055,-0.617706656,-0.682883978,0.436257601,-1.703012824,0.393710613,-0.479324013,-0.299016297,0.694103301,0.678629696,0.239556,0.151226625,0.816127241,1.893534422,0.639632761,-0.962028861,-2.085265636,1.930246711,-1.735348821,1.210383654,0.797435403,-0.37981078,0.702562213,-0.850346267,1.17681241,-0.5243361,0.700907707,0.98418808,-0.121728405,2.365768671,0.496142924,0.796594858,-0.474020898,-0.056695718,1.357797265,-0.80483371,-2.123620272,-0.333502442,-0.886719346,0.334197938,0.536783814,-0.743830383,-0.320203871,-0.91619885,-0.859668314,0.225985482,0.628775835,0.18649435,0.952478349,0.988137603,-0.072608314,-0.550602913,-0.938152611,-1.239071608,0.139683276,-0.223018989,2.123691797,0.122273438,-1.409431696,1.422985911,-2.147855043,-1.347532511,0.363564551,-0.014752111,1.272395134,-1.449566603,-1.195523739,-0.591862977,-0.414504856,-1.425794721,0.209394783,-0.592886031,-1.473116398,-0.896580637,1.104351521,-0.431549519,-0.16113691,0.889157474,0.288376838,-1.051538944
-0.319561392,-0.619993091,0.156998381,-0.571455359,1.057633162,-0.791488826,-0.524627328,0.071878038,1.910759449,0.787964702,0.513082147,-0.546416283,1.043944597,2.107785225,1.45992744,1.015405416,0.749184608,-0.675521493,0.440266401,0.688971877,-0.276646137,1.924533367,0.41120401,0.890764952,0.226363227,-2.078617811,-0.387886226,-0.087106973,1.126385808,0.247111723,0.121171802,0.298983932,-0.157099143,-0.740469038,-1.247652888,0.249455214,0.581073344,2.763844013,0.39932543,0.668488145,-0.275773734,0.500482917,0.863064885,-1.051627874,-1.392054081,1.1539222,1.181944132,0.391371459,-0.88104707,0.295079947,1.863801122,-1.712273955,-1.407084584,0.126781181,0.003759848,-1.268994212,-0.838842928,0.553921223,-0.504042745,-0.788440168,1.529400706,0.205454856,0.313013136,0.866520703,0.299070537,1.076540589,0.363177359,1.893679857,-0.485752732,0.387674451,0.023557611,-0.660229504,-0.318684936,-0.72266221,0.177386716,0.9835127,0.023504585,0.553776979,0.353769302,-0.275593638,-0.490483582,-0.374436587,-2.397504091,1.54102993,0.063084535,-0.284440696,-1.265600562,1.787979603,-0.354508698,-0.104761124,0.386253685,0.822775364,-0.683789849,1.057203293,0.031879973,1.343182445,-0.050539691,-0.364009947,-1.553342342,-0.319297791
0.527046442,0.71111238,-0.21754548,2.637791157,-1.742137671,-0.094434805,1.431183696,0.592758417,0.170296893,-1.751706004,0.288581312,-0.542579532,0.171602383,0.982817829,-0.025348902,-0.287552446,0.924442887,-0.061246298,-0.731033325,-1.022773743,0.995992959,0.955557942,0.713840783,0.133370966,-0.807038307,-0.342010796,1.908779621,0.155923262,0.759652555,-0.423006237,0.181672752,0.274492562,0.067912355,-0.036982816,-0.170801029,0.266973227,1.382997274,-0.022460874,0.13139537,0.434437186,0.264534056,0.565658331,0.58508426,-0.174298152,-1.071368694,-0.048460502,-0.845290363,0.415100545,0.425530583,-0.980724335,-0.427826107,1.498569965,-0.360156566,-0.45824039,-1.337968349,-0.041386541,0.821047962,2.097800732,1.282933235,0.270337939,1.00314033,1.078673601,0.340752691,-0.198074967,2.481458426,1.38525486,-1.154600978,-1.268069029,0.607862175,-1.080096483,-0.611281693,0.102035113,-1.436573982,0.210717052,-0.896904171,-1.724393129,1.792339206,-1.312712669,0.555877447,-0.681881309,1.572742701,-0.104651578,1.850397825,-0.33335042,0.193464234,-0.496744931,1.032723188,-1.739803791,-0.755862176,-0.881111741,0.393892258,-0.950025558,0.332506627,0.528944433,-1.120520949,0.048264205,0.061988451,-1.02751565,-0.238335371,1.93217814
-0.226632297,-0.923830748,0.355838984,-1.270063519,-0.195472419,-0.463419408,0.989414871,1.388647437,1.087713718,0.438801259,-0.961602271,1.245609879,0.502925515,-0.631398797,-0.704252064,-0.240482539,0.585599303,0.352800548,-1.815557718,-0.910123825,-0.748527944,-0.108124927,0.274778843,0.237349764,-0.259843707,-0.312442183,0.448509753,-0.059531964,-0.470014811,0.349566758,-1.027468801,-0.306638479,1.40617609,-1.249696732,-1.560148835,1.557397604,-0.593356371,-0.170288518,1.672626853,-0.540799797,-0.684128344,0.599962115,-0.217199132,0.331526518,-0.383364588,-0.781816065,0.266237408,0.279428035,-1.219625711,-0.723948896,-1.734778285,0.271660775,0.099112019,-0.363089919,-0.588226736,0.025941713,-0.572302341,1.105587006,-1.208015561,-1.339701056,2.075185299,-1.489409685,-1.150953054,0.419059813,0.413405269,0.717576921,0.26172483,-0.242771268,-0.501268148,-0.698128998,1.384580135,-0.286425412,0.500069559,1.95110321,-0.27836746,0.036786258,0.445852518,-1.4103508,0.450001299,0.515479505,-1.154083967,-1.380173445,-0.495833009,-0.413279086,-1.719316721,-0.029560903,-0.766039908,0.099882074,-0.713023961,-2.226117611,0.725714147,0.916976273,-0.563890219,-1.522179604,-0.014278789,-0.246720806,-0.165329471,0.119113982,-2.074980497,-1.002755165
0.52354604,0.821517289,-0.148741856,-0.045370411,-0.704492927,1.730315566,0.228927255,1.092741013,-0.353571534,-0.030658865,-0.200171843,-0.481310248,1.71142602,1.435387135,-1.167520285,0.040843423,0.362018198,0.572592199,1.104460239,-0.425672024,0.755688846,0.010281458,0.224585772,-1.134708285,-0.95152092,-0.127130449,0.028944498,2.104077339,1.567514181,-0.62422961,-0.400644213,-1.137061596,-0.903159022,-1.097278118,-0.071309209,-1.319339037,-0.560092926,0.164954558,-0.631585777,-0.867069781,-1.002562642,1.207348228,1.711987019,-0.624589503,-0.212145805,-1.193564177,0.657585919,0.200079888,1.091259837,-0.489022046,1.36822021,0.891625106,0.837566197,0.514144719,-0.050049692,0.74395287,-1.724050164,0.089901574,0.322739571,-0.377149433,-0.000220898,1.050113678,-0.168699116,0.797876477,0.552524328,-1.153093219,1.64155221,-1.438977838,2.027739525,-1.365317345,0.07214886,0.61315167,1.489166379,0.221296579,-1.530892134,0.801888227,-0.424466699,1.118855,1.569548011,1.427731752,-1.371837854,-0.266417891,0.779214561,-0.102814294,-0.586464643,0.240252659,-0.998055637,0.191169918,-0.952803016,1.470996618,0.718904912,-0.166559577,0.764611304,-1.189443469,-0.534857273,-0.021597847,-1.105191588,-1.05594635,1.021355629,1.709656119
0.029561952,0.123842016,0.289430052,-0.301492244,0.414434999,0.949857891,0.521848559,-1.969262838,0.502810001,-0.35442245,-0.44699049,-1.116978407,-0.788266361,1.055752158,-1.30454123,0.539735258,0.346991241,0.874192894,-1.575179338,-0.15998365,-0.643333256,-0.715370893,1.699458957,1.282837272,-0.452557653,0.393800139,0.4257406,-0.130047426,-0.393733174,-0.641059756,0.171964258,-0.840149045,0.864998281,-0.204861328,-0.107073337,-0.242106691,-0.902482748,0.797870874,-0.289095789,0.676977634,-0.343184024,0.487210125,0.765665352,-2.200564384,-2.596062422,0.475674838,-1.594885588,-1.110076785,-0.99840647,-2.275806665,1.552807212,-1.149298787,0.188530624,0.988963783,-1.586136341,-0.472380877,-0.18884635,0.211127087,1.61172235,0.56673044,-0.641177237,1.538773894,0.309663981,-0.448848695,1.769100547,0.268200487,-1.46222508,1.85081017,1.700769544,0.353391051,0.336489022,1.057105422,1.198678732,-2.594654322,-0.714745402,0.804346025,1.191655397,-0.127365381,-1.074975252,1.448269129,-0.278354287,-1.036818624,0.201451465,0.501755774,1.613334894,-1.897710681,1.299082518,0.55318445,-0.200362295,0.545669973,0.262286633,0.219070211,0.93235296,1.743052483,-0.124703683,0.954031646,0.712050974,-0.579336643,-0.761819482,1.661502123
2.547691584,-0.038912322,-0.356409222,-1.862568617,2.651999235,-0.136230364,0.103749342,0.115432225,0.258670479,1.487743378,1.454343438,0.704308271,1.46635139,0.353622168,-1.085523486,0.363209754,-1.813277125,-0.197910756,0.43287459,-0.540565789,0.295630664,2.079844236,-1.842432976,-0.511166036,-0.580935121,1.062736511,0.018055109,0.0227984,-1.679791451,0.812422991,-0.625888705,-1.250270844,0.615135431,-0.121394612,-1.280895233,0.324609816,0.67056942,0.149161324,0.327063799,-0.352961689,-0.905527651,1.676185369,0.680996001,-0.703717589,0.102079749,1.195056081,-0.277959377,-0.052165292,0.353683591,-0.408310771,-1.810429692,-0.903308034,1.054045081,-0.980876863,0.352078885,0.665981829,1.065501451,-0.228433609,0.364483893,-1.514846683,-0.075261287,-0.297058076,-0.72741437,-0.245875344,-0.12794894,-0.369310617,-2.623004198,2.115850687,0.685561597,-0.157443985,1.381287813,0.068426557,0.312536299,0.454253197,-0.788471878,-0.065840334,-1.4184798,-0.139753342,-0.555354834,-0.501917779,0.693118513,-0.245360494,-1.269431829,-0.262323856,2.337598562,-0.78171742,0.080099747,-1.339411139,0.413450956,0.204451963,0.478453308,0.029580971,-0.18244198,0.017466675,2.054289579,-2.53188324,0.423814684,-0.955683529,-0.133674204,-1.077403307
1.249902487,0.571148753,0.29704842,0.871865213,-0.16371119,0.68952322,1.984589934,-0.118281886,0.955129921,-1.18055284,1.470473886,-0.021557884,0.710861444,-0.811835051,-2.251213074,-1.126100183,-0.307866752,-0.961884558,0.670825958,0.06338343,-0.656795859,-0.288363189,-0.219793499,0.200247958,-0.845500231,2.64292264,-0.333744764,-0.145508364,0.893368721,1.288554788,0.331198186,-0.075367898,-0.061147656,1.856056809,-0.753041267,-0.340225875,-0.550996065,-0.604037344,2.122590065,0.02030552,-0.866260052,-0.355888397,-0.954342306,1.591464162,0.000587338,-0.464031726,-1.523710728,0.154870361,-0.840649366,0.010685783,-0.543740392,0.675455332,-0.97334224,0.81834811,-0.116017282,-0.690858185,1.03895545,0.981271863,0.616620779,-0.78748703,0.020856736,0.599339902,-0.378195256,-0.055468768,1.983488083,0.077888027,0.404584408,-0.849009514,-0.078089796,-0.527312219,-0.242687941,1.106949806,-0.035529915,-0.959914982,-0.628950953,0.268514812,0.488360822,0.586838603,-0.175392747,-0.433426261,0.04367201,-2.368892908,-1.592721105,-2.441670656,-0.262733817,-0.822618306,-0.04226834,-0.39127019,0.230580494,0.328563899,0.838048577,-0.907881618,-0.041745514,-1.994335651,0.108164258,-0.589285672,-0.984980226,-1.036177397,2.039685965,-0.658757091
-0.607983589,0.866452873,-0.741469502,-1.470561504,0.7084741,-0.128512397,-0.160639822,1.077170253,-0.613397419,-0.71176362,0.065438539,-0.421470821,-0.341216892,1.312036514,-1.822932482,0.21537593,-0.670713305,0.259717464,0.469549417,0.492233098,0.512170553,-1.142020226,-0.114893861,1.265974879,-0.929230034,0.190915316,1.001555681,-0.09742149,-2.119596958,-2.196921825,1.122267842,2.011842012,0.302010745,-0.489661634,-0.513549089,-1.073921084,2.203514576,-0.298828453,1.346098304,0.626820505,-0.065810755,-1.843865156,0.109972544,2.006561041,-0.757850587,1.015997887,-1.592493176,0.292366534,1.337032199,-0.243253917,-0.231023565,-0.338929296,0.318616003,1.397038698,-0.879813075,0.111820474,0.431568116,1.613785148,-0.29738456,1.638962269,0.134096593,0.172037363,-1.365017176,-0.421265692,0.880640149,-1.472566605,0.757709742,-0.636605024,-0.015838161,-0.38781473,0.889663398,1.134157181,1.731630206,-0.705519855,-1.285810471,-0.638210058,0.700784802,0.88114053,-0.653203785,-1.319965959,-0.818712592,0.162702218,0.669759989,-0.574080408,0.743687093,0.61671263,0.971866846,-0.711903512,-0.735692799,-0.963463783,0.459137708,0.656238198,0.751503468,-1.872183561,-0.556280077,0.272163957,0.931545734,0.327532321,0.740813792,-0.801905036
-1.582208037,-1.620190263,0.046561889,-1.679828882,1.395892382,-0.844971418,0.814006925,-0.049742308,0.534246743,-0.807009101,0.84164077,-0.558172643,-0.629157424,1.177667141,-0.845080733,-0.281438917,1.719956994,-1.077499509,-1.378281713,-0.295144409,1.628855824,-0.377437532,0.026757926,-0.922238231,-1.416757464,0.863528013,-0.204405785,-2.109839916,-0.526084006,0.052375931,-1.744193554,0.055219017,0.433473408,-0.050059188,-0.650512457,0.897314012,-1.371260762,0.252958506,-0.488011509,0.63737011,-1.889504313,-1.721851349,-0.490244031,0.876230657,-0.498606563,0.68360281,0.367724389,1.072298765,0.036580041,0.160224259,1.305487275,1.2821033,-1.324424744,0.220522493,0.164557159,1.659466863,-0.972849131,-0.748904705,0.764809132,0.006620436,0.191700295,0.029016552,-1.889222741,-1.586174726,0.75824964,0.23802273,0.087832898,-0.750327229,0.480103374,-0.758712888,-0.349641025,0.027134875,-0.607365131,0.047479447,0.226537392,-0.22852543,-0.6393255,0.969798148,-1.088442087,-2.178919554,0.053776689,-0.219337538,-0.60636735,0.694705367,-0.16942662,-2.53085804,-2.096986294,0.023690097,0.28268379,-0.792152584,-0.364954978,-0.417284578,-0.325206429,0.315358937,0.021994647,1.108160019,0.342969388,-0.24387598,1.841510415,-0.458281249
1.571395993,-1.405907035,0.007264643,1.830012202,0.647854149,0.506592929,1.630658865,2.229005337,-0.366560429,0.067910589,-0.285662115,0.249971241,-0.404287964,-0.99660182,-0.810398817,-0.710414112,-0.852558613,2.710361958,0.03095098,-0.905730784,-0.092029706,-1.411405563,-0.279287279,0.85885042,0.989419103,-0.219545409,0.288989395,1.566333413,2.444559813,-1.286918163,1.178505063,-0.360297948,1.872419477,-0.431473732,1.401842237,1.240844965,1.069111109,-1.090075731,0.051477861,-0.890589654,0.999591887,0.77871877,-1.24002707,-0.776509047,-0.906737566,0.432326645,-0.417597383,-0.025423713,-0.737701058,0.650904477,0.458341628,0.567961931,-1.110652804,-0.434244484,0.835327148,-1.908523083,0.447473735,-0.556701005,0.295617759,-1.9895432,0.879533529,0.299068749,-0.129031867,0.038154177,0.68544805,0.347828388,-0.834123313,0.885074675,-1.068097711,0.02152768,1.571660995,0.883955598,-0.168095261,-0.739921212,1.393763185,0.061216522,-0.063843086,-0.932101846,1.292118192,2.41814065,0.344857901,-1.254673839,2.38891387,0.668624282,0.232797772,-0.463504344,-0.185966372,-0.235830635,-0.235630125,1.491533279,-0.996172428,-1.439031363,-0.670318127,0.552334547,0.002698046,-1.135339856,0.060521342,-2.120441675,-2.192293644,-0.111601241
-0.478673548,-0.418925375,-1.78277564,2.020994186,0.652378082,-0.85788995,1.874585629,1.592946291,2.295963764,-1.210132003,1.458010674,-0.160698667,0.201093122,0.386176765,0.3818295,-0.651919127,-1.487660646,1.516718268,-0.2291186,0.163920403,1.496529341,-0.599250495,-0.760169327,-0.070257068,-0.144262746,0.193097889,-0.003665833,0.764705479,-1.028551102,-0.424596757,0.762920678,0.515120387,2.577900171,-1.063549519,0.183711618,-0.300227106,-0.853168964,1.120438099,0.120311782,1.202587962,-0.409908891,0.434198439,0.597370923,-1.611401677,-0.405749917,0.385086358,-2.019652128,-0.912296891,-1.319215417,0.050570752,2.525529146,0.578072608,-1.126608133,-0.175027028,-0.089486085,0.501965344,0.357786953,-0.876677155,-1.520062208,0.544810891,0.892558873,-0.621493101,-0.07875926,-0.157580927,0.189872622,0.81910193,-0.673654914,1.181818485,-1.511218786,-1.437848091,1.707413793,-0.610976994,-0.691628456,-0.549126744,0.706600964,-0.892844677,1.209135771,0.539785504,-0.474490345,0.381864846,-0.211003348,-0.357837021,0.960105836,1.929875374,-0.117283069,-1.043927193,2.304864645,0.740140736,-0.281170815,1.097377539,0.875088215,-0.819489956,0.629798293,0.638098598,-0.127628773,0.572691023,0.341205567,2.105783701,-1.770871997,-1.567716718
1.040699005,-0.38956821,2.478680611,-0.851745427,0.175091356,-1.241137981,0.614357591,3.125635147,0.654369891,2.095344543,1.047711492,-0.660730839,-1.978995442,1.510254979,0.571909726,-0.233944044,-1.383859634,0.739447951,1.408972025,2.118333578,0.580306709,-1.107042193,-0.163765535,0.506743312,-0.028589299,-0.505628109,-0.001313389,-0.761382461,-0.487814575,0.221123874,-0.015286126,-1.569013596,-0.368085146,3.109635353,-0.62320739,0.977718413,0.153306797,-0.981625259,-0.360101044,1.495167136,0.181708947,-0.767548919,-0.340857625,0.372409493,0.305921942,1.439554572,0.286016941,2.10388279,-0.65362972,0.778352797,-0.682831347,0.046909906,-0.744100213,0.310739547,-0.282490164,1.587269187,-1.013801813,1.37365365,0.657977939,0.5557338,-0.4303101,0.093320169,-0.289944708,-0.586538255,0.12376754,-0.654316902,0.937787175,0.83924073,-0.667331278,0.3419137,-0.997639596,-0.893558562,2.364697456,-1.861423969,-0.635971189,-0.692305207,-0.185258582,-1.897420764,0.580717146,0.02691517,0.716507912,0.615566313,-1.090433121,-1.508289218,1.133379102,1.022934198,-0.32135278,-0.538458705,-0.083822958,-0.397472054,-0.319290608,0.94853425,-0.539698064,-0.296336293,-0.071966574,1.399051309,0.71880579,-0.863671124,-0.046719413,-0.750834882
0.291495442,-0.224159017,1.089270115,1.011387587,1.124645591,-1.870844126,0.175738811,-0.776586354,-0.303864896,-1.24040246,-0.507572293,-0.354477227,-1.046010494,0.393672764,-0.34564805,1.313169599,1.608318806,-0.219209239,-0.34848097,0.301350445,-0.225297391,-0.66243434,0.911714494,1.19082427,-0.109699458,-0.3583377,0.570309877,0.391685665,0.410169452,0.707859457,-1.100796938,1.56485033,0.562242925,-0.737363338,-0.589022517,0.457947165,0.005271827,-0.12097995,-0.353354573,1.5530442,,,,,,,,,,,,,,,,,,,,,,,,,,,,,,,,,,,,,,,,,,,,,,,,,,,,,,,,,,,,
0.075131245,0.995822847,-0.122947492,1.000218987,-0.410987467,0.17225574,0.844083786,1.17634654,0.538464367,0.471965373,0.012564319,0.092633344,-0.495587468,-0.968651414,0.296983063,-0.0016801,1.029705763,2.089253426,-0.190857917,-1.584658742,2.511214733,-1.239233613,-1.223668337,-0.335228652,0.459929526,-0.640553534,1.762568355,-0.085673019,1.636178374,-0.544108272,-1.049998641,0.254616678,-1.750122786,0.55134213,1.412861943,1.321717381,-2.144451618,1.02372241,0.823923171,-0.634992957,,,,,,,,,,,,,,,,,,,,,,,,,,,,,,,,,,,,,,,,,,,,,,,,,,,,,,,,,,,,
-2.21838069,-0.967505753,0.60476476,1.929671288,-0.82364136,0.312028557,-0.785074294,0.74008888,-0.436340094,-1.385222435,-0.054951929,-0.75883913,-0.663357437,-0.231392056,0.313149989,0.410588086,0.96317786,1.214784384,-1.301081777,1.597000599,-0.7367239,0.705918014,-1.031638861,1.091346979,0.495569527,1.326480389,0.841150045,0.092408881,1.089940786,2.069623232,0.958187997,-0.492901653,-0.820019603,-0.985804319,-1.605281472,1.487942576,0.908156812,-2.424003363,0.334125996,0.475219578,,,,,,,,,,,,,,,,,,,,,,,,,,,,,,,,,,,,,,,,,,,,,,,,,,,,,,,,,,,,
0.205720469,0.212830141,1.968022823,2.071340322,-1.155408263,-0.862113893,-0.821482003,-0.667993665,-0.368174613,0.020118508,-0.823208272,-0.165480599,0.720865846,1.295918941,-0.527766705,-0.463393003,-0.150792241,-1.139341116,-0.954387128,0.051836599,-0.147048116,-0.38397792,1.209025264,0.213923037,-0.113979712,0.944944918,-0.1833933,1.714323282,0.024600169,0.454132646,0.272277683,0.305823088,-0.390413135,0.424165457,0.208512738,0.429386169,1.357696772,-0.165611655,-0.040906254,1.836981773,,,,,,,,,,,,,,,,,,,,,,,,,,,,,,,,,,,,,,,,,,,,,,,,,,,,,,,,,,,,
-2.080322266,-0.038130075,-0.665514588,-0.205680072,0.705880344,-2.612790823,-0.025293503,-0.178266197,-0.064637527,-1.204955697,-3.880898476,0.974470377,0.41516003,1.751967311,0.48501116,-0.170893714,0.748870075,0.629793286,0.811053038,2.133776188,0.238459185,1.798873305,-1.604648113,0.118714854,0.762238026,1.836430788,-0.558974445,-0.183320954,-0.989050448,0.775032043,-0.593328476,1.20861876,-1.588639021,-1.236659646,1.273804069,0.061640527,0.388053268,-1.860771179,-0.781708419,-0.368736953,,,,,,,,,,,,,,,,,,,,,,,,,,,,,,,,,,,,,,,,,,,,,,,,,,,,,,,,,,,,
1.137676835,-0.117321059,0.77494508,0.181106701,-0.916110277,0.39508307,-0.182491511,-0.790308297,1.231065035,-0.275745958,0.068552367,0.911061943,0.20670405,-0.696493626,-1.954489827,-0.363380224,-0.978326321,0.877332091,-0.412389964,-2.13152194,1.403688073,-1.479424715,-0.544142365,-0.391886532,-0.268758714,1.034399509,-0.716313958,0.373861462,-1.325217843,1.276832581,1.041066766,0.119443722,-0.045108631,0.338728726,-0.214208409,-0.724682331,0.031682052,0.676814675,0.448306173,0.354227364,,,,,,,,,,,,,,,,,,,,,,,,,,,,,,,,,,,,,,,,,,,,,,,,,,,,,,,,,,,,
1.79676199,-0.684293687,-0.808941305,-0.62391597,0.084044471,1.3280164,-0.475252122,-0.110295936,0.365986705,-0.702431619,-1.203935862,-1.076852679,-0.907946587,0.956433594,-1.345016718,-0.86060822,-0.86722523,0.323316008,-0.821200073,-2.121891737,1.199785948,-0.415934294,0.248672456,0.407734305,1.154716969,0.674282074,-0.96363163,0.698200226,0.128444791,-0.262788564,0.271131575,-0.240439191,-1.462158084,1.022049189,0.749333858,-1.089760423,1.210398793,1.730425119,-0.984176219,0.442601949,,,,,,,,,,,,,,,,,,,,,,,,,,,,,,,,,,,,,,,,,,,,,,,,,,,,,,,,,,,,
-0.171777323,0.952694952,-0.076922573,0.798864424,-0.894867539,0.306629986,-1.1864537,-1.555331707,-0.161533937,1.817726612,0.023361051,1.083019853,-0.045787584,0.299750417,0.666751623,0.032851353,-2.334046841,0.27720508,-1.712097287,2.188139439,0.671666145,0.143354565,0.345784038,0.994534254,0.701667488,0.628217876,-0.050794944,-0.165088043,-0.188397869,-0.092102744,-1.244182944,0.487327367,0.705927193,0.889386415,1.007565022,-0.987543225,-0.897432387,0.370472789,-0.178106949,-0.397878826,,,,,,,,,,,,,,,,,,,,,,,,,,,,,,,,,,,,,,,,,,,,,,,,,,,,,,,,,,,,
0.767444253,1.678209662,0.658500314,0.382662714,-1.098942757,-1.109419703,-1.394905686,1.178619862,-0.528802335,0.680076122,1.252403617,0.670394123,-1.539721012,1.188747048,-0.319816679,-1.257209182,0.405121267,0.430917352,1.242878199,-0.755557299,0.393632919,-0.908652246,1.499758244,-0.362490743,-0.621951282,-1.11422956,-1.86748004,0.058838941,-0.63504827,-0.274831921,0.436673045,-0.418646544,0.041154265,-0.808762789,-0.04404689,0.281432956,-0.93968302,1.98091054,1.452538013,0.269354105,,,,,,,,,,,,,,,,,,,,,,,,,,,,,,,,,,,,,,,,,,,,,,,,,,,,,,,,,,,,
0.287560821,-1.171541095,-1.160466313,0.236877695,-0.755678773,-0.628463745,0.608778954,-1.670083523,1.456139207,0.405231476,1.732113242,-0.936009765,-0.383707225,0.828951418,-0.766314864,2.035702944,0.044471923,-0.652855039,-0.679804504,-0.872873425,-0.649594128,-1.079842925,-0.106924266,0.585986435,2.217138529,0.898644507,2.550784111,0.164857626,0.194945693,-0.803888023,-0.364754438,0.155144677,-0.247857153,-0.617684007,0.711163461,0.150263265,-0.240827024,-0.858987272,0.765042484,0.672174394,,,,,,,,,,,,,,,,,,,,,,,,,,,,,,,,,,,,,,,,,,,,,,,,,,,,,,,,,,,,
0.027693814,-0.227798611,-1.920056343,-0.185534075,-0.148849189,1.242005944,1.029574513,0.396024048,-0.886283159,0.429236442,0.691993415,0.242694199,1.524032831,0.303921491,-0.112048946,-0.296838284,0.148590043,0.765040398,0.779127896,1.470279932,0.17345807,0.106671408,-0.818363845,0.671649396,0.087342113,0.876469433,-0.266463518,2.153441191,1.249352336,0.242006496,-0.832729518,2.454218864,-1.292658806,0.353056461,-0.097827017,0.491121471,-0.515285254,1.032058358,-0.304666847,-1.239797235,,,,,,,,,,,,,,,,,,,,,,,,,,,,,,,,,,,,,,,,,,,,,,,,,,,,,,,,,,,,
-0.435008883,-0.57229358,-0.347763181,-0.646956623,-1.060128689,0.401198059,-0.803533733,-0.324648857,0.700600207,0.765489936,-0.507772684,-0.024494857,0.760747254,1.381240606,0.384539098,-1.074345469,0.300155252,0.513261557,-0.542382002,0.078624077,-0.484999955,-0.086455666,1.315709829,0.208127886,-1.40185082,-0.824468791,0.200417146,-0.128416777,0.448427528,1.211207986,0.593436182,0.647214532,-1.081979275,-0.045519128,0.311315566,-0.854228139,-2.569458246,0.144741535,-0.296135247,-0.329167932,,,,,,,,,,,,,,,,,,,,,,,,,,,,,,,,,,,,,,,,,,,,,,,,,,,,,,,,,,,,
1.108549118,0.322386235,-1.955976725,0.371283591,-0.703777432,0.55662185,1.957003593,0.841029704,0.562552273,0.442317069,-0.265071869,1.22225225,0.166502163,-1.243428946,0.348579407,0.632578969,2.01338172,0.781462908,2.147151709,-0.908350527,-1.187041163,1.617081523,-0.042681299,0.367983699,1.809185028,1.020068407,1.589721084,1.238116741,-0.976524413,-0.887750387,-0.577326357,0.80295527,0.760487795,-1.58565712,-1.691414475,1.054736972,-0.50199312,-0.29468745,-0.501387537,-0.632003248,,,,,,,,,,,,,,,,,,,,,,,,,,,,,,,,,,,,,,,,,,,,,,,,,,,,,,,,,,,,
0.105937302,0.580887139,-0.027568689,-2.467702866,-1.126164794,-0.269188315,-0.582966805,0.312615812,0.394690484,0.315726161,-0.919243217,-2.247155666,-0.293478876,2.053683281,0.529404998,0.428659499,-0.507449567,0.530578554,0.326187789,-0.594896257,0.426921993,-0.064798981,-0.307341427,1.012472749,0.338268846,0.746088743,0.179772809,-0.9173733,0.256107539,0.084789008,-0.384506136,-1.297242284,1.14849472,-3.277304173,-1.36394608,1.564687133,-0.792816699,0.345475912,1.668219328,0.678751111,,,,,,,,,,,,,,,,,,,,,,,,,,,,,,,,,,,,,,,,,,,,,,,,,,,,,,,,,,,,
1.164225936,-0.446764648,0.598128438,0.192059055,-2.146925688,-0.885227263,-0.494391531,-1.024986506,-1.89283514,-0.311389357,-0.118667312,0.833354533,-0.92884475,1.581253171,-0.719876289,0.671238065,1.121292591,1.171097159,0.138431713,1.045212388,-0.343289226,-0.841916621,-0.609347224,-0.159514397,-0.64645946,-0.227691293,-0.426238328,0.377650023,0.141158015,-0.035093676,-0.889643848,-0.746764839,0.612604499,2.080319881,1.498865128,-0.193774864,-1.356622577,1.332052827,-1.20621109,-0.467412204,,,,,,,,,,,,,,,,,,,,,,,,,,,,,,,,,,,,,,,,,,,,,,,,,,,,,,,,,,,,
1.15539217,-1.48191762,0.820604503,0.073051281,0.313430995,1.818928719,-1.253966928,1.558384657,0.960891902,-0.935690999,-0.178707823,-0.26876694,0.302024573,0.615806282,-1.300890446,0.018104235,0.164287969,1.333050013,2.603918314,0.397013426,-0.477669567,-0.103413738,0.230021432,-0.867708921,-0.124483608,-0.761243105,0.324422836,0.340493411,-1.139498591,-0.362352878,-0.612578094,-0.060487684,1.092637777,-2.046092749,0.419031084,1.09968555,0.218657434,-0.848232985,-1.656612873,-1.024610043,,,,,,,,,,,,,,,,,,,,,,,,,,,,,,,,,,,,,,,,,,,,,,,,,,,,,,,,,,,,
1.335226417,0.850657642,1.295027614,0.050297897,0.34954682,0.087274574,0.818709791,-0.474876165,-0.568756223,0.058626417,-0.4891074,-0.356872737,-0.437070966,-0.243534356,-0.093778081,-0.615982831,0.414649427,0.202095732,-0.297560543,0.681660593,0.538310826,-0.614050984,0.769057572,2.06324172,1.524718761,0.389533967,-1.441940904,0.845672131,-0.445312768,-1.492266059,0.21178478,-0.367183387,-0.974051595,-1.341868758,-1.549632311,0.313535124,-0.403554857,-1.074180007,-0.001412034,1.097713351,,,,,,,,,,,,,,,,,,,,,,,,,,,,,,,,,,,,,,,,,,,,,,,,,,,,,,,,,,,,
0.872331858,-1.755180478,0.795485079,-2.007531166,1.186133742,0.62856102,-0.057842311,1.855901718,0.028483586,-0.181433737,0.612399101,-0.763324261,-0.354961514,-0.261775821,0.812125802,0.482615352,-0.886511922,-0.037756979,-0.562953234,0.897705734,0.383232057,-1.324806333,1.139269233,-0.055480622,0.533784926,0.490733415,0.972823322,0.806909204,0.317545831,0.051478405,-0.972116888,0.159836113,0.765861392,-1.733863354,-0.299493492,1.908760667,-1.212121129,-0.122281529,0.226061568,0.424852073,,,,,,,,,,,,,,,,,,,,,,,,,,,,,,,,,,,,,,,,,,,,,,,,,,,,,,,,,,,,
-1.302960753,0.244866729,0.679017186,1.660737753,-2.031270266,-0.435329735,-0.879835784,0.128831878,0.055340979,1.472032905,0.525387704,-1.110955715,-0.18956627,0.825639546,2.4702425,0.311087221,-0.583718777,0.580508947,0.832612753,-0.538230538,0.261325568,0.457331926,-0.209657833,-1.733198762,0.576554239,0.073786013,-1.602557421,0.547601998,-1.968321562,-0.219554543,-0.249335334,0.998315156,-0.057827529,-0.984901369,-0.034476671,0.380586267,0.474504977,-0.555504143,-0.392933995,-0.56129837,,,,,,,,,,,,,,,,,,,,,,,,,,,,,,,,,,,,,,,,,,,,,,,,,,,,,,,,,,,,
-0.251973689,0.566106379,-1.05376792,-0.358932167,0.653291821,-0.069367215,1.119934201,1.841646791,0.304780841,-0.819031537,0.875894189,-0.172806337,1.24984026,-0.922306895,-0.130690336,1.304546475,0.604692221,-0.232043609,0.181585059,0.463922918,-0.204516798,1.462823629,0.506149352,-1.986884594,0.561083317,0.343115777,-0.033852525,-0.061556499,-0.711204231,3.220568419,-0.120111629,0.34295845,1.810250401,0.610787034,-0.373558342,-0.002290374,0.476721317,0.618152678,-0.234816119,-2.101305485,,,,,,,,,,,,,,,,,,,,,,,,,,,,,,,,,,,,,,,,,,,,,,,,,,,,,,,,,,,,
-0.487496316,-2.302743435,0.934849203,1.367166162,-1.180575252,-0.290912807,-1.939286947,0.628705502,-0.222552329,0.223107532,0.051648572,0.499167264,-0.811248004,-0.399346054,0.514977872,-0.086921073,0.560156643,-0.153577,0.227588624,1.302304506,-0.143113077,0.614649713,-0.042085573,0.789137423,-1.817363024,-0.581057727,0.369804591,-0.433913201,1.207046747,1.456715465,-1.542686462,0.778064847,1.00586307,0.513152301,0.774116158,1.300289154,0.913560271,0.456816375,1.152388811,0.741500378,,,,,,,,,,,,,,,,,,,,,,,,,,,,,,,,,,,,,,,,,,,,,,,,,,,,,,,,,,,,
2.162058353,0.517910361,1.789766908,0.375039548,-0.075969338,-0.678003132,0.600541413,0.493477315,0.393853992,-0.906409085,0.319150746,-0.499143869,-0.660399258,0.077469699,0.387551814,0.97635287,-0.841298938,-0.145935565,0.854822934,-0.285540909,0.05384247,-0.603582263,-1.160375237,-0.812097609,-1.195849419,0.562516451,-0.236867383,-0.219673693,-1.623322129,-0.634396076,0.340876639,2.833682775,-0.076270372,-0.998245597,-0.434901863,-0.829301298,0.841079116,0.270050734,1.612705827,0.568196297,,,,,,,,,,,,,,,,,,,,,,,,,,,,,,,,,,,,,,,,,,,,,,,,,,,,,,,,,,,,
2.607840538,-0.106573604,2.017828941,-0.840257525,-0.086164065,-0.786269307,0.588488281,-0.346598446,-0.534316421,-1.089013577,0.291769475,0.253801793,-0.580686569,-0.213051334,-1.68681109,-0.857073009,-0.801161826,1.386226892,-0.516565919,-0.190407649,1.446356297,-2.098420382,-1.169858813,-0.418794304,-2.944573164,-0.098554336,-0.280782193,0.7398507,1.62718153,0.030132484,-0.145601332,0.227530435,1.048856378,1.773938775,1.116886854,1.081251264,1.509415746,-0.498693764,-0.913155258,-0.12694481,,,,,,,,,,,,,,,,,,,,,,,,,,,,,,,,,,,,,,,,,,,,,,,,,,,,,,,,,,,,
0.079685859,1.020345211,-0.790109634,-1.155447364,-0.367505461,1.263913631,0.827048898,-0.572468996,1.21167767,1.792988181,1.379124641,2.049917221,0.992011368,-0.930034816,-0.24939388,-1.002894521,-2.572706461,-0.046080381,1.359182,0.020971375,-0.210473105,1.597260594,0.92619139,-0.136542931,1.168162584,-1.006245017,-0.61675936,0.218939558,0.717838287,0.013333053,1.348059893,0.66217649,-1.050645471,-1.034870028,-0.243242472,-0.75336647,-1.454329371,-1.022920132,-0.476988763,0.199095607,,,,,,,,,,,,,,,,,,,,,,,,,,,,,,,,,,,,,,,,,,,,,,,,,,,,,,,,,,,,
-1.061083078,0.817840397,1.550795317,1.225768328,1.522541285,0.137487188,0.448477924,0.952169895,-1.115069151,0.651412129,-0.192102045,0.337622613,0.047543701,1.471578717,0.476930678,2.010209084,0.135824353,-0.828131497,-0.975346208,1.2497015,0.977551103,-0.555820346,-0.167353898,1.810647726,0.746234596,1.477639914,-1.436650157,0.954872072,2.116853952,0.368600488,0.431669772,0.882142961,-0.026213018,-1.941880107,-1.106824994,-0.667835236,0.210711688,-0.530194759,-0.295190692,-0.172721684,,,,,,,,,,,,,,,,,,,,,,,,,,,,,,,,,,,,,,,,,,,,,,,,,,,,,,,,,,,,
0.638453603,1.807622194,1.008900166,0.672822237,0.770658433,1.533001661,0.576320767,-0.819780886,-1.302051544,1.599477172,0.676874876,1.324061632,0.310813189,0.504487276,1.260331869,-1.258468032,1.181067824,1.232953429,-0.00692844,0.367449075,0.652186155,0.24713102,1.54326427,1.326788902,0.611316144,-0.682902455,-0.920411468,0.938984513,0.281447858,1.162163019,-0.035100766,-0.825614989,-0.309159517,-0.252156615,0.780844271,0.344064832,1.275246859,1.303762913,1.817005157,0.465589017,,,,,,,,,,,,,,,,,,,,,,,,,,,,,,,,,,,,,,,,,,,,,,,,,,,,,,,,,,,,
-0.986204624,-1.719757795,-2.230078459,-0.43910569,-2.397242069,0.124508478,1.493994832,-0.237058118,-1.482014537,0.429888844,-0.782186329,0.389665633,-0.480306208,-1.051903129,-0.987736046,-0.182059571,-0.379466832,0.273247898,-0.138556376,0.881904244,-0.51489681,-0.117796369,-0.108906433,-1.142649055,-1.349120259,0.316879928,-0.128845483,-1.352643847,0.161457583,0.739064336,0.165376946,-1.495079517,-1.713639021,2.050599098,0.772166789,2.271243095,-0.973836005,0.474168926,-0.628020942,0.581238389,,,,,,,,,,,,,,,,,,,,,,,,,,,,,,,,,,,,,,,,,,,,,,,,,,,,,,,,,,,,
0.241987541,-0.140923738,-0.653254569,1.735855579,0.493222594,0.699760735,-0.490214825,0.296281189,0.574773788,-0.505159676,0.702548265,-0.554584801,0.7283355,-1.243858099,-1.107821822,-0.426698148,-2.755650997,-1.148347139,-1.234676957,-0.589449644,-1.313248396,-0.494713604,0.669989467,-0.138093621,0.058205836,-0.780497611,0.33754161,-0.166919738,0.105765693,0.044486415,-0.368945926,-0.073951416,-0.799669266,0.124686942,-1.289727688,1.292332768,-1.292147279,1.322567582,1.593848705,-2.597719669,,,,,,,,,,,,,,,,,,,,,,,,,,,,,,,,,,,,,,,,,,,,,,,,,,,,,,,,,,,,
-2.168434381,-0.562369585,0.673750818,1.223846555,-1.052629828,0.985048771,-0.917995393,-1.016455054,0.352714211,-1.608920097,2.011646986,-0.963712573,-0.174083024,-0.299346149,0.449206084,-0.385968715,0.35722366,0.609983146,0.824893057,0.101578079,0.41808781,-0.774300039,-1.869866014,0.812736928,0.647766829,0.498688549,1.13713336,-0.016839838,0.588231206,0.124583609,-0.094401337,0.953379869,0.837739408,2.5639925,-1.307907939,0.781865656,-0.644111097,-0.924558461,-0.058433842,-1.239360809,,,,,,,,,,,,,,,,,,,,,,,,,,,,,,,,,,,,,,,,,,,,,,,,,,,,,,,,,,,,
-1.063226819,1.78832376,1.376492023,1.78669107,0.079556257,1.193013906,0.078492977,1.370478868,-0.700814426,-0.87238431,0.487689048,0.584534407,-1.753872991,0.645651162,1.551775813,-1.224763274,-1.221269369,0.603332877,0.159796968,0.9737764,-0.957086504,-1.394082546,-0.970552504,-0.9483729,-0.496041536,0.415224135,-0.031763643,-0.589993,0.680320084,-0.371570438,-1.346570373,-0.996609807,0.835854411,-1.203346729,0.466394871,-1.090400696,-1.021962643,0.571628273,1.052481055,1.784732223,,,,,,,,,,,,,,,,,,,,,,,,,,,,,,,,,,,,,,,,,,,,,,,,,,,,,,,,,,,,
1.364528179,-1.88401556,-0.273768425,-0.235132962,0.171791658,-0.906591773,0.873799264,-0.464476585,-0.099607818,-0.909634829,1.709746003,0.853468537,-1.49854517,1.579166651,1.362725496,1.286255717,-0.055209901,0.153398424,-0.942942917,0.103139788,0.899135232,0.163851008,0.022556208,0.985981166,1.241803527,0.246564701,-0.030313293,-0.801988602,-0.606592655,1.151996136,0.746980309,-1.20393765,0.987447798,-1.906832457,0.431345731,-0.160961851,-1.190828919,-0.185298368,-0.724054635,-0.968230546,,,,,,,,,,,,,,,,,,,,,,,,,,,,,,,,,,,,,,,,,,,,,,,,,,,,,,,,,,,,
1.062560678,0.043191936,-0.21490176,0.105938189,0.387693077,-0.000318425,0.343792886,-0.96554184,0.034085568,-0.371758163,-0.82922864,0.929497421,0.196961269,-0.275504321,0.062247824,0.249923304,-1.524407864,-0.090377219,1.846290231,1.041641355,0.262791991,-0.360082686,1.398947716,-0.062208861,-0.758216858,-0.085746512,0.209345877,-0.149472624,1.206538558,0.12060415,0.937266111,-1.332152724,-1.001291513,0.06600903,-0.240718782,0.400305659,-0.270752043,0.783116221,-1.151677608,1.271784782,,,,,,,,,,,,,,,,,,,,,,,,,,,,,,,,,,,,,,,,,,,,,,,,,,,,,,,,,,,,
-2.152707338,0.261239946,0.819937885,-0.312776417,0.281080812,-0.428825498,-0.191517115,-0.698572695,0.286192387,0.576377213,0.210853219,-2.026795626,-1.371199846,0.939968467,0.490436763,0.569744229,-0.361403763,1.808590174,0.328376025,-0.492476851,-0.690402448,0.297137499,1.037718654,0.026601771,0.448236197,1.024917841,-0.469555348,-0.32337153,-0.086642727,-0.862428069,1.15598619,-0.583644032,-1.416460514,0.799195766,-2.063856363,-0.457673043,0.315795392,-0.013959325,-0.376068741,-0.715356231,,,,,,,,,,,,,,,,,,,,,,,,,,,,,,,,,,,,,,,,,,,,,,,,,,,,,,,,,,,,
1.802759528,-1.539525986,1.144382,0.137597933,-0.710266113,-0.479262918,-1.000971317,0.447978675,-0.038644321,-0.466411978,0.668338835,2.243160009,-0.197019801,-0.667736351,-0.59068346,1.688439965,0.915396273,0.750553131,-0.914734066,-0.60393703,-0.978893161,0.559663951,0.055128615,1.063743114,-1.910979152,1.101828575,-0.27337122,-0.231060728,-0.778534889,-0.878016531,-1.002812147,0.486585379,0.261245489,-0.314995289,0.506279588,0.787822843,0.467777759,-1.480923533,0.219047561,0.775571823,,,,,,,,,,,,,,,,,,,,,,,,,,,,,,,,,,,,,,,,,,,,,,,,,,,,,,,,,,,,
0.138377085,1.537852883,-0.187720194,1.19509387,0.074916057,2.357265472,-0.076403663,0.322665691,-0.233626142,-0.634114265,-0.335548908,-0.363182902,-1.261114597,-1.562512159,-0.218659714,-1.123134375,-0.228739321,-1.036545038,-2.191538811,-0.673161268,-0.150803626,-1.201196194,0.083551012,1.819216847,-0.55625844,-1.013751149,0.804957986,1.138848782,-0.913211763,2.047493219,-0.89478296,1.059102774,-0.605856717,-1.096832395,0.21764259,2.122046709,1.121490598,-1.101166368,-1.272571087,0.843458951,,,,,,,,,,,,,,,,,,,,,,,,,,,,,,,,,,,,,,,,,,,,,,,,,,,,,,,,,,,,
0.873966157,-1.16225493,0.12618579,0.505784869,0.669515252,0.483397782,-0.438356578,-0.139521465,1.667876601,0.906356215,0.860304117,-0.00941371,-0.807548523,-0.784812868,-1.315515518,0.687524498,-0.157235265,0.303399771,-0.363406897,-0.552651167,0.414420962,0.175171033,-0.529515803,-0.067456946,1.058814764,-0.117897928,-1.853420734,-0.701849461,0.262396336,-1.724596024,0.276580364,1.073024154,0.635285139,-2.178548336,0.312043756,1.572378397,2.002793312,0.009310115,-1.128419757,-1.259131193,,,,,,,,,,,,,,,,,,,,,,,,,,,,,,,,,,,,,,,,,,,,,,,,,,,,,,,,,,,,
-0.267123073,1.754908919,0.059081186,0.946492314,0.212601811,-0.527676165,-1.095412135,0.390338391,-0.147141859,-0.522368133,0.63058269,2.024914503,1.573076367,2.114488602,0.620037675,0.533758819,1.723189473,-1.390599251,0.613720238,0.746699631,-1.504179358,-1.687467098,1.206977844,-0.840076506,2.232582569,-1.758686304,1.168785334,-1.089552999,1.977851629,0.330122888,1.481403708,-0.401635885,1.634118319,-1.764545083,2.134186268,-0.521586776,-0.748533249,0.105654724,-0.701488495,0.608079255,,,,,,,,,,,,,,,,,,,,,,,,,,,,,,,,,,,,,,,,,,,,,,,,,,,,,,,,,,,,
-0.486692995,0.337698817,0.949077666,-0.491730571,-0.551621616,0.046200193,0.004158509,-0.858701706,0.744886696,-0.392201394,-0.731709659,-0.045765847,-1.077162504,-0.882982969,0.632930458,0.703033686,-1.093268394,0.186470017,2.679853678,1.07563138,-0.15880844,-0.058051921,-0.92826134,0.912328303,0.538362443,-1.819679618,1.201520681,0.946805716,-0.868582785,1.471187115,-0.131622717,0.867182016,-1.563353896,1.251397014,1.020304084,1.050848007,-0.009966209,-0.377478689,-1.394733071,0.231567264,,,,,,,,,,,,,,,,,,,,,,,,,,,,,,,,,,,,,,,,,,,,,,,,,,,,,,,,,,,,
-0.176028103,1.234488368,0.594600856,-1.502078414,0.187126964,-0.464783758,-1.040590763,-1.43639493,1.247476935,0.070861585,0.073343933,0.256215632,0.06392438,-2.220642567,-0.654899776,1.282637358,0.779865324,1.143395662,-0.332576543,-1.507492661,0.920635402,-0.498645693,-1.391789436,0.661659241,1.179698706,0.291845262,-0.825160205,-0.88117981,0.296456665,-0.379912317,0.767746806,-0.095246218,-0.075988375,2.022945881,-0.103602707,-1.117279172,1.236048818,0.884093702,-1.795379758,0.418326676,,,,,,,,,,,,,,,,,,,,,,,,,,,,,,,,,,,,,,,,,,,,,,,,,,,,,,,,,,,,
-0.212638199,1.383166552,0.481297612,0.097620323,-1.020895123,0.000780357,0.180238396,-1.130840778,-0.916283667,0.214761257,1.419389844,-0.534459531,0.798228383,-0.663361013,0.230646074,1.692948222,0.386671245,1.322775483,-0.650471151,-0.037330527,0.195718959,-1.773186922,-1.713767052,1.229453206,1.327581763,1.630620837,-0.230174109,-0.440809429,-2.205679178,-1.375004649,-0.359555602,-1.19381249,0.449053556,0.448314577,0.249817431,0.363813609,-0.062269602,-0.536386728,0.453623444,-0.588018596,,,,,,,,,,,,,,,,,,,,,,,,,,,,,,,,,,,,,,,,,,,,,,,,,,,,,,,,,,,,
0.658424795,-0.277769804,-0.186851576,1.239148378,0.664974511,-1.033754468,0.459361047,0.391002953,0.319686711,-0.060047183,1.452571273,1.736671805,-2.0364182,-1.741175413,-1.695446134,0.662236392,-0.57079953,0.887765348,-0.973146558,-1.801421165,1.403986454,-1.198445082,-0.239509642,1.655232787,0.104430601,1.293789864,-1.114275217,0.512665272,0.13073647,0.31602028,0.229450583,-0.431435913,-1.013581514,0.310190529,1.877912521,-0.701834679,-3.233504534,0.200242952,-0.139337093,-0.037093807,,,,,,,,,,,,,,,,,,,,,,,,,,,,,,,,,,,,,,,,,,,,,,,,,,,,,,,,,,,,
0.05316814,0.644197524,-1.01241076,2.37118125,1.440502286,-1.092587233,-0.996140838,0.867826343,-0.250733435,0.768990338,-0.638298213,-0.192955926,0.338915288,-2.666952372,-0.382754385,0.852265239,-0.226793408,-1.738920093,0.056061525,-1.817298651,-0.152310133,0.724071681,1.175361037,0.081119612,0.546146154,0.302888095,0.281125188,0.555194378,1.287912965,1.410484552,-1.097561836,0.706862867,1.517567515,0.273429334,-0.655666709,-0.27213484,0.364222586,-0.923740089,1.538310409,0.552177966,,,,,,,,,,,,,,,,,,,,,,,,,,,,,,,,,,,,,,,,,,,,,,,,,,,,,,,,,,,,
0.786451161,0.643371522,0.643775225,0.097846493,1.264975667,-1.929697514,-2.380088806,-0.514774859,1.047516108,-0.068576165,-0.084317915,0.837395132,1.031121612,-0.335755169,-0.453867853,0.889664948,-0.899207056,-0.147750199,0.820535243,-0.285018474,-0.540141702,1.155548215,-0.556504846,-0.439028829,0.427961469,2.006901741,-0.192463875,0.013282048,-1.321203828,0.622027934,0.126299292,0.485961109,0.035770413,-0.203601569,0.796601653,-1.598442435,-0.984729111,-1.627125382,-1.458251476,0.416124076,,,,,,,,,,,,,,,,,,,,,,,,,,,,,,,,,,,,,,,,,,,,,,,,,,,,,,,,,,,,
-1.37160027,-2.210345984,-0.197091758,2.20474577,-1.528027177,-0.33313182,-1.227923036,-2.070221901,1.539195061,-0.549061835,0.490077704,0.847190201,1.222351313,2.714404345,0.419233561,1.620244265,-2.179289579,0.713244259,-1.646045089,-0.503103852,-0.290841281,0.016647073,0.526893914,-1.772352219,-0.239715099,-0.266734004,1.118011475,0.174665898,1.775787354,-0.840945125,-0.760109007,-0.408395261,-0.229407832,0.648075342,-0.759382427,0.613578022,-0.748770237,-0.186212644,-0.388106406,0.431254089,,,,,,,,,,,,,,,,,,,,,,,,,,,,,,,,,,,,,,,,,,,,,,,,,,,,,,,,,,,,
-0.594286919,-0.449440926,0.72895807,-0.747542143,-1.05836153,-1.336293221,0.024043217,1.37601757,-1.303818226,1.080970883,-1.76090312,0.566775739,1.328074694,0.366992176,-0.988723338,-1.26194346,-0.321691692,-0.368240148,-0.464782625,0.567713082,-0.769218266,0.658396125,1.084815264,1.00000453,-0.116615646,-2.040384769,0.384750903,0.461086959,-0.293192327,-0.820824623,0.571812272,-0.477197021,1.253473878,1.33491087,0.496335745,0.993084252,0.06945388,0.296579838,1.751661181,0.579728723,,,,,,,,,,,,,,,,,,,,,,,,,,,,,,,,,,,,,,,,,,,,,,,,,,,,,,,,,,,,
-0.934062779,0.128169537,1.695408821,0.493748277,-0.642709613,-1.877012372,-0.252209783,-1.010279536,0.169060022,0.871627748,0.805155575,1.153723121,-0.520786166,-0.382088095,-0.43218109,-1.543349266,-1.374424577,0.447084814,0.96054095,-1.724841952,-1.776178002,0.744448841,1.468345761,-0.097931184,0.485712349,0.038514566,0.670091629,-0.276242465,0.145823821,-0.295499146,-0.583519936,1.642153025,0.979262412,0.429934978,0.304768443,0.096452557,0.051355451,1.010284066,-0.048345722,0.641546726,,,,,,,,,,,,,,,,,,,,,,,,,,,,,,,,,,,,,,,,,,,,,,,,,,,,,,,,,,,,
-2.2578547,0.878028035,0.873955905,-0.710204005,0.193910107,0.801631987,1.112428427,0.063844159,-0.119534008,-1.228331685,-0.039036341,1.205535769,-0.146349102,-0.548844397,1.756115913,1.134867549,0.894274473,0.20789437,-0.448674768,-0.069399662,-0.863012373,-0.421852738,-1.508397698,-1.625656962,0.691437662,0.038103346,-0.922522247,1.363588214,1.155415773,-1.921622038,1.112435102,0.768056333,0.252832711,-2.030760765,-0.180618465,1.299481392,0.449601769,-0.113757037,0.205933541,1.729952574,,,,,,,,,,,,,,,,,,,,,,,,,,,,,,,,,,,,,,,,,,,,,,,,,,,,,,,,,,,,
-1.877617002,0.200499773,0.145743951,1.12510705,-2.562550783,0.105367549,-0.887059331,0.918532431,1.266766906,0.116320409,-0.129549325,2.231617212,1.702666879,-0.553565025,-1.695153475,1.101846457,0.138454318,-0.493156195,-1.466402411,-0.46418336,-0.308167368,0.900568664,0.147039905,-0.782699585,-1.744457126,-0.902175844,-1.602909446,0.724455297,-2.208445787,0.086100675,-1.099839926,-0.880690873,-0.844013095,0.609213591,-1.551097631,0.058007598,0.43140015,-1.789256573,-0.237034395,-1.392395258,,,,,,,,,,,,,,,,,,,,,,,,,,,,,,,,,,,,,,,,,,,,,,,,,,,,,,,,,,,,
0.216842353,1.075552464,-0.906125546,-1.374149799,0.892264903,0.558056176,0.043468274,-1.894047618,-0.052754208,0.235815272,0.871919215,-0.09988723,1.407221437,0.601900518,-0.650681257,-0.612802804,-0.699604511,-0.018685713,0.618525386,-0.386814326,0.045470517,0.812000394,-0.359005302,0.677693069,-0.09564735,-0.064902246,-1.329406857,0.026288336,-0.394247293,-0.600908995,0.658579469,-0.36763072,-0.570639789,0.200664476,0.35240975,-1.096243262,-1.028272033,-2.583352566,-0.930765688,-0.046859097,,,,,,,,,,,,,,,,,,,,,,,,,,,,,,,,,,,,,,,,,,,,,,,,,,,,,,,,,,,,
0.644468725,-0.12569198,-1.759965062,1.233214617,-0.284388781,1.015536904,-1.332065463,-0.250101835,0.456595182,-1.975677729,0.010846647,0.762171388,-1.460829258,-0.179175928,0.238319203,-0.535621047,-0.529921651,0.137983978,-0.837733984,0.698422909,0.351894617,0.97081387,-0.349133492,0.305100232,-0.57992065,-0.722569764,-1.016000867,0.245752245,-0.533308804,-0.654210329,-0.567993402,0.118324168,-0.967343092,-0.671239674,-0.485913485,-0.723471224,0.480906159,-1.986405373,0.07185591,0.174982697,,,,,,,,,,,,,,,,,,,,,,,,,,,,,,,,,,,,,,,,,,,,,,,,,,,,,,,,,,,,
1.70034802,-0.947120965,0.5827865,-0.464592338,0.2732912,-0.279709339,0.51432091,0.594095349,-0.511800885,0.083885834,0.619296849,0.270565271,-0.407662153,-0.065683454,-0.675376356,-1.175901055,1.600735307,1.40385139,-0.720937848,1.0009799,0.529633105,-0.16958636,0.752328157,1.919620156,0.475153625,1.017659664,0.278018236,0.501594782,-2.168087721,0.035199188,0.446682572,-0.942350984,-0.985190868,-0.723169327,-1.218246698,0.465726256,1.478029013,1.846178651,-0.693277657,-0.298578709,,,,,,,,,,,,,,,,,,,,,,,,,,,,,,,,,,,,,,,,,,,,,,,,,,,,,,,,,,,,
0.600676417,-1.114046931,-0.146019176,-1.387762427,1.242096186,1.027383089,-1.49726522,2.031154633,0.053967845,0.912482917,0.307818145,0.819143176,1.141073346,-0.087856524,1.124053597,0.887032866,0.494564414,1.441723466,-0.572953582,-0.259456903,0.90400666,-0.755812287,0.206412196,-0.180730149,-0.250922918,-0.120505422,-0.693377256,-1.10491538,1.34528327,0.016848987,0.383336157,0.185282648,-0.360354215,1.001548171,-0.0313849,0.723257244,0.212158054,0.504620075,-0.178054765,0.245656684,,,,,,,,,,,,,,,,,,,,,,,,,,,,,,,,,,,,,,,,,,,,,,,,,,,,,,,,,,,,
-0.205291942,-1.010333896,0.735149622,-0.946076095,1.464885235,-1.668877959,-1.418028116,-0.157013938,2.261312485,0.519215643,-0.5819875,0.842920661,-0.286237627,0.02798821,0.423808694,-1.040647388,-0.535190344,0.163577422,0.549972653,1.317280889,1.148311853,-1.710434675,-0.098582976,1.016161919,-0.228032351,-0.835105121,-0.504081547,1.941197276,0.005251309,1.087868571,0.63812691,-0.885753393,0.917151868,-0.911978662,0.003227343,1.967428327,1.103166699,0.049440578,0.201733127,1.044596791,,,,,,,,,,,,,,,,,,,,,,,,,,,,,,,,,,,,,,,,,,,,,,,,,,,,,,,,,,,,
0.046990309,1.361099839,-0.125290915,-0.431240797,0.940798461,0.207982868,0.318853199,1.80031538,-0.09856005,-0.692449033,1.367750883,1.359588027,-0.939327419,0.588921428,0.120063908,-0.032707799,-1.011169076,-1.594288707,0.804691374,0.047174167,2.004438877,0.144463032,0.443465948,-0.483599633,-0.062805004,-0.202041909,-0.592102528,0.074688919,-1.102349162,1.642302513,-1.30706799,0.725520968,0.622085512,-1.423970342,0.042359274,-0.501329064,-1.311008692,1.479478478,-1.411732912,-0.86564374,,,,,,,,,,,,,,,,,,,,,,,,,,,,,,,,,,,,,,,,,,,,,,,,,,,,,,,,,,,,
-0.907710791,-0.696014047,0.077243842,-0.20487377,0.728678763,-0.372724742,0.50300175,-0.156823188,-1.396877527,0.177807435,0.201380059,1.131907582,-0.119217329,-0.850342929,-0.714966953,1.330486536,1.218422294,0.402345687,-0.020456824,-1.437366128,-0.383522213,-1.847018242,-0.587446511,-0.043138187,-0.260061741,1.07148838,-0.082184628,0.138825625,0.294905484,1.402692676,-0.622216403,-0.522486985,0.17797111,-1.185489297,-0.404775441,0.239375949,-0.221206442,0.132419661,-0.042016529,-1.061273098,,,,,,,,,,,,,,,,,,,,,,,,,,,,,,,,,,,,,,,,,,,,,,,,,,,,,,,,,,,,
0.076479204,1.599217415,-0.517757237,-1.400622487,0.538588881,0.656282365,-0.413680762,-0.969591558,1.234576106,-0.138589755,2.370306253,-0.022254361,1.033201694,1.147629023,-0.077370718,-0.213998869,0.195017099,0.457562506,0.354806185,1.951207638,1.568007946,1.232565284,0.174269348,1.048957109,-0.420022309,-0.538878798,-0.889978111,-0.131982058,0.227000192,-0.549052,-2.312831879,1.055418968,2.188892841,-0.177092567,-1.525851965,1.991919875,0.378916293,-0.481692493,1.094071746,0.454211593,,,,,,,,,,,,,,,,,,,,,,,,,,,,,,,,,,,,,,,,,,,,,,,,,,,,,,,,,,,,
0.293322146,0.238867074,-1.154307961,-0.273387104,1.624333739,0.413192183,-1.014702678,0.752588212,-0.417716295,-0.277199686,0.109492294,1.214810252,1.486980319,-1.241336346,1.268661737,-1.711006403,-0.659809887,-0.678544164,0.656132698,0.140629396,0.826829612,-0.28465426,0.148631498,-0.079916649,-0.814469695,-0.503128707,-0.179154843,0.480796218,0.282567263,-0.458931178,0.07241974,0.014821514,-0.006921661,-0.07374236,0.833783925,-0.74053663,0.413881868,-0.44790113,0.36301282,-0.38041082,,,,,,,,,,,,,,,,,,,,,,,,,,,,,,,,,,,,,,,,,,,,,,,,,,,,,,,,,,,,
-2.944191694,-0.845766187,1.522069335,1.49244833,0.447748452,-1.539530635,-0.21030958,-1.371900201,-0.351777047,0.459433287,-0.506353855,0.640694439,-0.266792208,1.18239677,-0.082955807,-1.03333962,-1.029054761,-0.502779841,-0.083437838,-1.184253097,0.926592767,-1.956782341,-0.273227364,-1.069246531,-1.490749598,0.400249422,1.981986642,-0.328438491,-1.130065918,0.476352632,-1.342230439,0.260728717,0.325462461,1.727211237,0.024389012,-1.653051376,1.938016772,1.437955856,0.472849607,0.63480401,,,,,,,,,,,,,,,,,,,,,,,,,,,,,,,,,,,,,,,,,,,,,,,,,,,,,,,,,,,,
-0.66466403,-0.72774297,-1.371997833,0.789839208,-0.082323432,-1.286055207,-1.688256383,0.183342993,-1.87486887,0.495245636,-0.152949467,-0.905416608,-1.650508285,1.724718571,0.312900454,0.875023603,0.371097773,-1.58644855,-0.686348796,1.953445435,0.787232637,0.446613908,1.733019233,-1.521655798,-1.432532907,-2.030848742,-0.162260354,1.83718276,0.491367429,-0.035653979,-0.299576372,0.883597434,1.446752071,1.524083018,0.721682489,-1.316061378,0.627082169,-0.569720864,1.074882984,-1.13231194,,,,,,,,,,,,,,,,,,,,,,,,,,,,,,,,,,,,,,,,,,,,,,,,,,,,,,,,,,,,
-0.295492142,-0.737888038,-2.602245569,-0.915270686,-0.664249361,0.502045214,0.714295745,0.09184622,-0.065799862,1.091241121,-0.466466337,1.475288868,-0.398481667,1.431693912,-0.494336218,-1.377344489,-0.24375169,0.865319252,0.38512969,1.643199325,-1.334148169,1.383531451,-0.337298781,-0.593549728,-0.626279712,0.68138659,-1.468101382,0.551331758,0.938783407,0.011352945,-1.425839782,1.006222606,0.003645399,0.27570942,-1.648245335,-0.364282697,-2.067866325,0.440889031,-0.101635993,-1.386948466,,,,,,,,,,,,,,,,,,,,,,,,,,,,,,,,,,,,,,,,,,,,,,,,,,,,,,,,,,,,
0.677825809,-0.745510221,0.451785356,1.401160836,-0.426224023,0.929504335,0.42671442,-0.835182428,1.003752828,0.196103483,-2.215103626,-1.132625103,-0.293768436,-0.497251868,0.348099321,-1.287349939,-1.488122344,-0.726220071,0.507746935,0.189871356,0.980527759,0.555155575,0.369371206,-0.637441337,-3.434819221,-0.070282802,-0.278044045,-0.458229721,0.496662676,-0.980485976,0.691933393,-0.738466442,0.292292118,-0.676503241,0.016988216,-1.842834353,-0.231153667,-0.018459551,-0.61923486,-0.421603411,,,,,,,,,,,,,,,,,,,,,,,,,,,,,,,,,,,,,,,,,,,,,,,,,,,,,,,,,,,,
-0.827210248,-0.190767944,1.763744354,0.453571677,-0.332415015,1.463827014,0.950344622,0.547537386,-0.329872996,-1.247730017,-1.320199132,0.963693917,-1.121311545,-0.509089768,-0.389376462,0.150673866,1.16433692,-0.332943678,0.115181305,-1.048127294,-0.605733335,1.418753862,-0.44283548,-0.43320024,0.83500129,-1.041277528,1.401810884,-1.093797445,1.375670671,-0.544599295,0.689777493,1.050247908,0.934269905,-1.073435307,-1.834118366,0.10564027,-1.030835509,-1.89614439,1.732243299,-0.734471977,,,,,,,,,,,,,,,,,,,,,,,,,,,,,,,,,,,,,,,,,,,,,,,,,,,,,,,,,,,,
0.606620491,1.446566701,-0.691401601,0.955148757,0.672142029,-0.355115652,-0.240102246,0.232472777,0.525020421,-0.012249905,-0.484402925,0.761125088,-0.307001352,-0.21584788,-0.75089407,0.283352911,-0.120901361,0.702996969,-0.318598747,0.2326148,-0.811898112,-1.919443011,-0.787729383,2.559702873,-0.004541391,0.119073883,-1.023547888,2.175465584,0.339051545,0.575126231,-1.681742191,0.551767468,-0.963786066,0.910078645,0.982752383,-1.038905859,-0.966813207,0.836247385,0.928454578,-1.297851682,,,,,,,,,,,,,,,,,,,,,,,,,,,,,,,,,,,,,,,,,,,,,,,,,,,,,,,,,,,,
-0.476915807,0.353992313,-0.187717736,-0.029780474,0.314238518,0.24181278,-0.449898362,0.541301072,1.853073359,-0.84688288,-0.229212552,-0.294929683,0.491149217,-1.166303277,-1.725056767,-0.089117676,0.355832666,1.01553154,0.861902177,0.763406575,-0.280991554,-1.299122572,-1.739982247,-0.78051281,0.182103202,0.860109627,-0.35201934,-1.312125087,1.158306122,1.483899832,0.010892897,0.239734665,-0.071572669,0.675635219,0.309684038,-0.320289701,-0.156101063,0.490604579,0.750346482,0.625237525,,,,,,,,,,,,,,,,,,,,,,,,,,,,,,,,,,,,,,,,,,,,,,,,,,,,,,,,,,,,
-1.326253533,1.661850333,-0.436045349,-1.394509912,0.389587879,1.044570446,-0.818063676,-0.986331642,0.598684132,1.935580969,-0.839189529,-0.463764876,1.754786968,-0.87737,2.580265045,0.930416167,0.617680073,-0.098122627,1.373973489,0.72064352,0.891950727,-0.071804509,0.010459459,-0.575421929,-0.730058789,-1.17609489,0.280154437,-0.63658154,0.857245088,0.282963097,-1.013741374,-1.711716056,-2.007267237,1.757064223,-1.362236142,-1.508666873,2.272540092,-2.985663652,-0.593451858,-0.687103868,,,,,,,,,,,,,,,,,,,,,,,,,,,,,,,,,,,,,,,,,,,,,,,,,,,,,,,,,,,,
-0.665526509,-1.537693381,-0.39793694,1.052100778,1.151208162,0.523946822,-0.023123959,1.687099934,1.082645416,1.117779136,-1.614126921,-0.385212541,0.645167947,0.080986835,0.330914855,1.172178626,1.173555255,-2.195878029,0.760874569,-2.381239891,-1.120741487,-0.607348561,0.255706072,0.285707414,-0.646860719,-0.961412489,-0.123539694,0.935459435,0.695695162,-1.214062214,1.133117318,0.843794525,-0.250199705,-1.204699278,0.085300721,0.049862884,-0.627251267,-0.645690143,-1.352094769,-0.502266467,,,,,,,,,,,,,,,,,,,,,,,,,,,,,,,,,,,,,,,,,,,,,,,,,,,,,,,,,,,,
0.923182368,1.20766592,-1.34111166,-0.551424265,1.361259699,-0.046318788,1.019738197,-0.639461577,1.551021457,-0.134035483,-0.001633515,0.36462,-1.794185042,1.207086444,0.173407122,0.341976702,-0.37464577,1.898706913,0.332434177,0.717727304,1.583903074,-0.291906506,-0.828504205,-0.816309512,1.282295823,-1.521825314,-0.428670317,-1.550209403,0.82683903,-1.213538885,-1.252438545,-0.094923064,0.043727621,0.443899512,0.531957984,0.684352994,-1.755305648,1.236974239,-1.328279495,0.662290871,,,,,,,,,,,,,,,,,,,,,,,,,,,,,,,,,,,,,,,,,,,,,,,,,,,,,,,,,,,,
1.894975662,-1.315814376,1.45507884,-0.7464782,0.851038933,1.415685892,-0.929095566,-0.02756419,0.046756767,-1.452287197,1.575492263,-0.197377145,-0.219901174,-0.416243762,-0.821167529,1.190342307,2.115020514,0.1487616,1.073931456,0.665089548,1.084344149,-0.709897041,-2.022440672,0.714696884,0.318214864,0.607459903,0.790907502,0.852224708,0.09669593,-0.379902601,0.929312944,0.811030924,-0.356817484,1.047085285,0.664705038,-0.086919099,0.416905314,-0.764381468,-0.287229002,-0.089350581,,,,,,,,,,,,,,,,,,,,,,,,,,,,,,,,,,,,,,,,,,,,,,,,,,,,,,,,,,,,
-1.035114527,0.489130527,-0.253340006,-1.948100328,-0.116555534,0.800596952,-0.796154022,-0.382952332,-0.397373199,-0.717626929,0.156995013,-0.344718188,-0.171208009,0.538116157,0.226387843,1.541729093,0.205255836,1.998064995,0.95359087,-2.073478937,-0.115926296,1.39106977,0.303012699,1.093346953,-0.101000227,-0.695399642,0.402492553,-1.507639289,0.08957509,0.658822477,-1.037626624,0.603272617,0.262554318,-0.979586005,2.1323874,0.892485082,1.996473551,0.23142533,0.980069935,-0.184783593,,,,,,,,,,,,,,,,,,,,,,,,,,,,,,,,,,,,,,,,,,,,,,,,,,,,,,,,,,,,
0.430744022,0.076357313,-0.606393397,1.167908311,-0.909901798,-0.149791986,0.248037905,-0.332244694,1.209697247,-0.292482555,-0.731596291,1.077450752,1.892185926,-0.9822191,-0.603046238,-0.501270235,1.174665809,-0.473821104,0.357178152,-0.326426834,1.893921494,0.564918518,-0.270725489,-0.478197902,2.091616869,-0.73925209,-0.174406365,-1.211004376,1.288872123,1.371235251,1.582414627,-0.111836962,-0.506927252,0.686102033,0.576324224,0.63350755,0.23058027,1.768928766,-0.032186903,0.955442905,,,,,,,,,,,,,,,,,,,,,,,,,,,,,,,,,,,,,,,,,,,,,,,,,,,,,,,,,,,,
-0.871239305,0.616610587,1.445777655,-0.158187047,0.506968737,-0.461109132,-0.92072475,0.626933694,-0.37209028,1.251878977,-0.234105304,-1.157688737,0.920383155,1.141664028,-0.867829382,0.360347807,-0.935166895,0.160988778,-0.236861646,0.720761001,0.448383003,-1.72354424,-0.753744185,-0.137847379,-2.401548386,-1.820093036,0.803974748,-0.210276946,-0.155657068,-0.927892685,-0.263378292,-1.058143258,0.267988324,0.813263595,0.319433451,1.426849842,0.430838585,0.758047283,0.464505166,-2.121937037,,,,,,,,,,,,,,,,,,,,,,,,,,,,,,,,,,,,,,,,,,,,,,,,,,,,,,,,,,,,
0.592994809,-0.449622184,-0.369850576,0.016136205,0.880757034,1.520258427,0.693306983,0.609804809,-0.790897906,0.085400321,0.789228499,0.593940377,-0.51191926,-0.940527618,0.566758633,1.578890443,-0.254242778,0.457217336,-0.153545752,0.796074748,-1.727677107,0.713331759,-0.421928227,0.334457994,-0.584208488,-0.108376056,-1.486451507,-0.898020506,0.80354476,2.004843235,-2.352392673,0.935797274,1.072771788,-0.86653012,-1.59763062,0.748689294,0.571379483,-0.672326624,-0.662131608,-0.353638858,,,,,,,,,,,,,,,,,,,,,,,,,,,,,,,,,,,,,,,,,,,,,,,,,,,,,,,,,,,,
0.766296923,0.886189699,0.800231218,-1.893141627,0.097370796,0.704359531,-0.601546109,-0.950843453,0.710210681,0.727630377,0.103931807,-0.854161143,-0.466024846,0.511145711,0.618830442,2.133546114,-0.938209772,0.629372895,-1.466026783,0.188137993,-0.777076662,-0.529184699,-0.478442758,-0.111198753,-0.774973571,-0.017312266,-0.234065592,-1.55964005,1.460991263,0.733807623,-0.177308992,-1.396597385,-1.478201985,-1.044692397,0.458318979,1.382872939,-0.955573976,0.29819876,0.86939925,-0.115415461,,,,,,,,,,,,,,,,,,,,,,,,,,,,,,,,,,,,,,,,,,,,,,,,,,,,,,,,,,,,
0.931279719,0.576357305,2.851650953,1.006811142,-0.322100669,1.689510465,0.360369802,1.025997519,-0.692741752,0.160925344,-0.343137294,0.596047521,1.057276368,-1.25661099,-0.306512386,0.091600671,0.228878826,-0.538594246,-1.284618855,2.452866554,-0.056100987,0.794530809,0.460869581,1.937784314,0.028487122,-1.438626766,-0.795500934,0.332505882,0.836267769,-0.502061009,-0.21370317,0.034446321,0.806027412,1.187222719,0.707450628,-0.585769415,1.234404683,-0.937386751,-0.054287761,0.517181695,,,,,,,,,,,,,,,,,,,,,,,,,,,,,,,,,,,,,,,,,,,,,,,,,,,,,,,,,,,,
2.442856073,-2.596933365,-0.505636275,0.622558713,0.604573548,-0.400495738,0.708871722,-0.403097451,-0.791244924,-1.764964461,0.313459903,0.865482092,0.940884769,1.155804396,-0.131812125,0.733884871,1.558771491,-3.016386747,0.248943061,-0.425581753,-1.365584016,0.427345991,-1.978906393,-0.445310414,1.295936942,-0.527165174,-0.007756771,-0.324663103,-0.480017602,0.218836412,-1.175498724,-0.539660454,0.782058954,0.505537808,-0.14474915,0.353367537,-1.346586227,0.576132417,1.485871434,0.467171788,,,,,,,,,,,,,,,,,,,,,,,,,,,,,,,,,,,,,,,,,,,,,,,,,,,,,,,,,,,,
-1.70226717,-2.080919504,1.116942883,-0.354817748,0.906181216,2.250793934,-0.063945495,0.619419932,-0.922730803,-0.635489881,-0.033289246,0.49424994,0.755143762,1.202302217,0.517969728,-1.29518187,1.062058091,-1.246171832,0.432986557,-0.201742008,1.186585784,0.726248384,1.487251401,-0.523377299,0.105932601,0.129665926,-1.111052752,0.449234098,-1.615447879,0.120372675,-0.156637371,-1.788370967,-0.471108168,-0.129187703,0.470810384,1.999744177,-1.316231251,1.24536097,0.429372132,-0.767378926,,,,,,,,,,,,,,,,,,,,,,,,,,,,,,,,,,,,,,,,,,,,,,,,,,,,,,,,,,,,
0.755483687,0.331153691,-0.26440075,-2.109183788,0.447095126,2.141782045,-0.056079138,1.133097172,0.334239125,-1.218379974,0.834774792,0.426923007,0.804016292,-0.702299595,0.415145159,-0.918570876,0.874263406,0.309693426,-1.720120907,-0.556687772,0.820333004,0.670255005,1.979912758,1.704987884,1.556362867,1.599547505,1.218913794,1.725092411,-2.274560928,-1.173716903,0.248293579,0.614822924,1.403537631,-0.388619483,0.725808024,1.424108505,1.634748101,1.011617422,1.134468913,0.075711548,,,,,,,,,,,,,,,,,,,,,,,,,,,,,,,,,,,,,,,,,,,,,,,,,,,,,,,,,,,,
-0.289391667,-0.089290313,-0.460103601,-1.623745918,-0.656473458,1.757190347,-0.120805465,2.138495684,-1.718204737,0.073358797,0.30986917,-0.785033226,-0.352962613,-0.680478752,0.38127771,-1.560564041,0.516757309,-0.700559735,0.679547668,-3.150761604,-2.03732729,-0.831997693,-1.424506307,-0.000899419,-0.007250758,0.512744188,1.121732235,1.767149925,0.49677819,-1.566705108,0.693649769,-0.699491441,-0.404902518,0.059151769,-0.786379695,-0.42811954,2.403388739,0.433496058,0.667654455,0.45458284,,,,,,,,,,,,,,,,,,,,,,,,,,,,,,,,,,,,,,,,,,,,,,,,,,,,,,,,,,,,
1.152054191,1.239473343,-0.686928272,0.086382419,-1.614495635,0.753276289,-0.098913133,0.194970891,1.509460688,-1.057375431,1.8564533,-0.789329529,0.193637043,0.474019289,0.157145768,0.116303772,-1.170647144,-0.881988525,-0.485793322,0.17436862,-1.500438333,0.15594396,-1.426977873,0.18985562,-0.465136796,-1.226494074,1.017240405,0.715401888,-0.640725791,-1.196582556,0.110528618,-0.364685982,1.565043092,-0.25143069,0.353255689,0.478757411,-0.829831064,-0.393879294,1.065781593,-0.668414414,,,,,,,,,,,,,,,,,,,,,,,,,,,,,,,,,,,,,,,,,,,,,,,,,,,,,,,,,,,,
1.654341936,0.565929234,0.620648384,0.395444363,1.377554417,-0.726137877,-0.73461175,-0.832455993,-0.195682898,-1.728133917,-1.274913669,-0.098441422,0.39190501,1.170050859,-0.869645476,1.340765595,-0.225438938,1.22384584,-0.488598645,-0.004922917,-1.405714035,-0.907145917,-2.425416946,-0.702543616,-0.576375663,-0.237092763,-0.74840939,1.36725831,0.928530216,0.741984606,-1.336023331,-0.273307592,1.396823406,0.751116514,-0.199975967,0.700374186,-0.958601594,-0.081422828,0.563141823,-0.97090143,,,,,,,,,,,,,,,,,,,,,,,,,,,,,,,,,,,,,,,,,,,,,,,,,,,,,,,,,,,,
-0.230216697,-0.868393779,-1.000848174,-0.727710843,0.019696465,0.67200321,-0.315184653,0.534410059,-1.459275484,0.266793191,-1.268733501,1.710248709,3.001147032,0.494283229,0.944405675,0.348610818,1.29965663,-0.95664531,0.527096808,1.488729954,-1.349258542,-0.865536928,1.224712968,-1.487290621,1.382901073,-0.07414864,2.191455841,0.101253502,0.377592504,1.178718209,-0.079436332,-0.405668914,-1.241538644,2.8217206,2.199309111,0.109541811,-0.541251123,-0.506088197,-1.359478593,-0.049681984,,,,,,,,,,,,,,,,,,,,,,,,,,,,,,,,,,,,,,,,,,,,,,,,,,,,,,,,,,,,
0.420967996,0.039197791,0.930934668,-0.358399689,0.224534482,-1.138805628,0.837308407,0.583740771,-0.856663346,0.363900781,-0.703653216,-0.995518506,0.68802166,0.780399859,-0.446845323,-1.332673669,0.719231546,1.505192518,-0.384830564,-0.913226604,-1.605540156,0.915734887,0.108257778,-0.979202509,-1.890812159,0.43513599,0.483383417,1.156814694,-0.477237284,-1.671037078,-0.355626196,-0.409768552,1.400063872,0.855081916,0.195128426,-1.823993206,-0.997369289,-0.94568032,-1.168959975,-0.129053786,,,,,,,,,,,,,,,,,,,,,,,,,,,,,,,,,,,,,,,,,,,,,,,,,,,,,,,,,,,,
-0.697684944,0.12104331,0.674556851,0.360613883,-1.326298594,-0.476895928,1.684006095,-1.069343925,-0.140221387,0.669293344,0.478300452,-0.522426605,0.025738088,-1.16490078,1.03052783,0.967762947,0.737903118,0.169503897,0.194761068,0.684584439,0.313461214,-1.377863526,0.588647366,2.293119669,0.545502901,1.346177459,0.940092266,-0.142972603,-0.856698632,-0.181198359,0.550742745,0.109711312,0.741161108,-0.019631326,-1.737324476,0.733748078,-0.558183849,-0.182120591,-0.045020908,0.167091414,,,,,,,,,,,,,,,,,,,,,,,,,,,,,,,,,,,,,,,,,,,,,,,,,,,,,,,,,,,,
0.04547409,1.277502298,0.0872982,0.298645586,1.177487135,-0.019651849,-0.072114706,0.246775076,-0.211874008,-1.916667104,0.694328249,-0.64318043,-1.192755342,-1.32929945,0.499250293,0.501820207,-1.311380029,0.317134261,-0.54477644,1.200340629,-0.176444069,-0.919587016,-0.434475094,-0.314878821,1.050353408,-0.078537472,-0.929070592,-0.833146751,-1.289526463,-0.984278142,0.094022721,0.448487312,-0.559279919,0.953159809,-1.093975425,1.501994133,1.794462204,-1.14562583,0.835505307,-0.508741736,,,,,,,,,,,,,,,,,,,,,,,,,,,,,,,,,,,,,,,,,,,,,,,,,,,,,,,,,,,,
-0.357401252,-0.312579572,0.997971535,-0.767677188,-0.484959751,-1.115112305,0.291985929,-1.847084641,0.552188694,0.926817477,1.375455856,0.476119906,-0.072192088,-0.157032371,-0.762535334,1.728881478,-1.538888812,0.722577751,0.158126116,0.085854091,0.470323086,-1.252104878,-0.986851633,0.147981748,0.194466799,-1.000797868,0.950511932,-1.515950203,-1.534666896,0.117966317,0.479794145,-1.55332303,1.775959611,2.904142618,2.824613333,-1.815247059,0.994338334,-0.118570156,-1.202326655,-2.079765797,,,,,,,,,,,,,,,,,,,,,,,,,,,,,,,,,,,,,,,,,,,,,,,,,,,,,,,,,,,,
0.678576291,-0.912567437,0.669902563,-0.641437531,0.358395308,0.516187012,-2.681261063,0.658584118,-0.493938446,-0.276633352,-0.588059187,-1.666672587,-0.508506775,-1.262572289,-0.208026648,-1.484516144,1.476046205,-1.681868672,0.844051957,0.164836183,0.293054551,0.744459748,-0.34299776,-0.203786373,-0.77864778,-0.428855121,-2.18774724,2.113709211,-0.335139573,1.259588957,-0.565480292,0.553419709,-0.407007396,0.756330013,-0.021367744,0.399507791,1.020323753,0.44564268,0.986564815,0.01876892,,,,,,,,,,,,,,,,,,,,,,,,,,,,,,,,,,,,,,,,,,,,,,,,,,,,,,,,,,,,
0.944352925,0.571590424,1.996541739,0.352758646,-0.567697048,1.185202003,1.964407921,0.171171635,1.102610946,1.156214952,-0.15814957,-0.11397358,-0.21979633,-0.459053427,-1.289293647,-0.630543947,0.294668138,1.306297064,1.264476061,-0.846754968,1.528817892,-2.060742378,-0.822703958,0.272799045,0.57057029,-1.138703465,-1.056826472,-0.840834081,-1.81707859,1.716473222,0.118678987,-2.007825851,-0.352491826,0.218823582,0.113270812,0.711053967,1.174044251,0.735833287,-0.252664417,0.537233829,,,,,,,,,,,,,,,,,,,,,,,,,,,,,,,,,,,,,,,,,,,,,,,,,,,,,,,,,,,,
-1.104014039,-0.700519681,0.882024169,-0.726815224,-1.641499996,0.275159121,0.075077936,1.36162138,-1.096260786,-1.101648808,-0.442212224,-1.350462556,0.184892058,0.842839956,-0.987597883,-0.592877209,0.708933711,1.608823776,1.995281935,0.033269256,1.377711415,0.018834228,-0.800812304,1.315999985,1.37881887,0.118556589,0.673955441,-0.162761852,0.860218346,-0.60988903,0.216395974,1.7153157,1.367655039,0.047648612,-0.721463978,0.458526194,0.690049529,-0.616109669,-0.448080689,1.575703979,,,,,,,,,,,,,,,,,,,,,,,,,,,,,,,,,,,,,,,,,,,,,,,,,,,,,,,,,,,,
-0.067531519,-0.381603867,1.074411988,1.641599536,0.144428805,1.060575604,1.288050294,0.178771675,-0.012873434,-1.721704841,0.093787141,-0.944141567,0.82116729,0.418979317,0.061492428,-0.538559198,-0.550105274,1.49179852,-0.453242898,-0.335259497,1.309530616,-0.065142386,-0.203558639,0.997264624,-0.408368915,1.386967301,-0.072047003,0.054079149,-0.719790637,-1.013812542,-0.143237785,0.650506496,0.507096708,-0.876196384,1.135096073,1.072422266,1.282708406,0.038802251,1.548950315,1.607478023,,,,,,,,,,,,,,,,,,,,,,,,,,,,,,,,,,,,,,,,,,,,,,,,,,,,,,,,,,,,
0.586881936,0.249428496,-1.707180977,-0.469548881,-0.210222006,0.242873177,0.268970698,1.621099949,1.22601831,-1.131659031,1.33828485,0.547419131,0.89437443,0.579359651,1.40656817,-1.340543151,-1.092797041,0.268338889,2.36101079,1.961338401,-0.679576218,-0.144780412,-1.506868601,-1.514672399,-0.279873967,0.913710833,2.358786583,0.593568981,2.912810564,0.684903741,-0.36650449,0.817290843,0.779329836,-2.003898144,0.650786519,-2.395074606,1.112196565,-1.374023795,0.771520793,-0.050996959,,,,,,,,,,,,,,,,,,,,,,,,,,,,,,,,,,,,,,,,,,,,,,,,,,,,,,,,,,,,
-1.200620055,1.350824594,0.415285975,1.280989289,-1.633102894,-0.382860035,-1.350324392,1.634721875,1.245244741,-0.180405006,-0.058207057,0.672828853,-0.043064624,-0.5143857,1.566013932,0.56336987,0.302796781,-0.900369227,1.022307992,-0.164016232,0.30839631,1.292866111,-0.60188514,-0.220291078,0.148917794,1.437806368,1.477704167,-0.499615371,-0.608326674,-0.306488872,2.719747066,-0.933609009,-0.547808707,1.282029152,-0.873452306,-0.21435304,-0.138598815,-0.204127446,1.243488789,-1.71433723,,,,,,,,,,,,,,,,,,,,,,,,,,,,,,,,,,,,,,,,,,,,,,,,,,,,,,,,,,,,
-0.794282317,-0.506150663,-1.334647894,0.028457163,-0.759240448,-0.248188108,-1.286149144,0.293686718,-0.26442951,0.932389557,1.874325633,1.11537385,-0.556782305,0.259385616,0.72613591,-1.682133198,0.601304114,-2.419793129,-1.410434961,0.377593875,-0.854013205,0.717716396,-0.054716583,-0.518496215,0.175515041,-0.386555344,-1.474569321,-1.109399319,-0.20427753,1.388179779,0.184741139,2.140067101,1.522513628,-0.334860772,1.020536423,0.416008204,-1.692114234,-1.23596251,-0.639002264,-0.245172456,,,,,,,,,,,,,,,,,,,,,,,,,,,,,,,,,,,,,,,,,,,,,,,,,,,,,,,,,,,,
-0.317643583,-1.431211829,0.848367691,-0.583804488,0.209232867,-0.931723475,-0.408012271,0.309107125,-0.95891118,0.026626494,-0.679086804,0.691105723,-1.087244034,0.014233251,0.164594978,0.363792956,0.193461463,-1.783184648,0.046567447,-0.81068778,1.318033099,-0.568995833,-0.996927857,1.769317985,0.367124557,0.122289509,0.32485491,0.146088213,0.111287646,0.463924229,-1.18097353,-1.831391215,-0.298185855,-0.793738008,-0.438948482,-2.116439581,-0.457534462,-0.856582344,-0.075565964,-0.078736871,,,,,,,,,,,,,,,,,,,,,,,,,,,,,,,,,,,,,,,,,,,,,,,,,,,,,,,,,,,,
-1.983703494,0.986391962,-0.790055752,-0.228810906,-0.847048223,1.09491837,1.545186758,-1.746211171,-0.941808581,0.334492505,-1.296333313,-0.46958521,0.289865732,0.360255837,0.406847775,0.134299666,1.178137422,0.034479674,0.93985796,1.111473322,-1.20744729,0.121770903,-0.842903554,-0.447127789,-2.188200235,-0.174132153,0.384757727,1.147089005,1.075276017,0.084860399,-0.172055423,-1.141457915,0.043362293,-0.757424414,-1.578769922,0.620677292,1.622733474,-0.152169868,-1.21552217,0.761230767,,,,,,,,,,,,,,,,,,,,,,,,,,,,,,,,,,,,,,,,,,,,,,,,,,,,,,,,,,,,
0.541464388,-0.505711019,0.063429423,-0.307001203,-1.782771945,-0.65222168,-1.034704566,-0.675745487,0.851039588,-0.113863349,-0.904885173,1.299930692,-1.240736485,1.212166429,-3.264203787,1.113971949,-0.389140368,0.510438502,-0.323126882,0.700370848,-0.990886748,-0.442597091,1.396588445,-0.045148123,-0.813936293,-0.396046817,-0.272683471,1.724919915,0.212020963,-0.369730532,-0.222354352,-0.56259644,-0.337767541,1.232587099,0.612734854,-0.363265425,0.475738704,-0.013767658,-1.148316383,0.989965916,,,,,,,,,,,,,,,,,,,,,,,,,,,,,,,,,,,,,,,,,,,,,,,,,,,,,,,,,,,,
0.697191536,0.090313695,-0.263629109,-0.813743591,-1.54515779,-1.615662575,-0.619753242,-0.860184908,-1.691732764,0.304478437,0.785147965,-0.185676619,0.229603425,-1.785557508,1.893452287,-0.767401755,1.234461546,-0.576782763,-0.332972407,-1.594994307,0.091916889,-0.825982332,0.726615846,-1.800199389,-1.992982268,-1.51118505,0.656499624,0.326812893,0.130743623,-0.829774916,-0.430189878,0.88888061,1.149595022,0.422145694,-0.511092722,1.024896741,-0.460552007,1.097499013,0.215902776,0.372045845,,,,,,,,,,,,,,,,,,,,,,,,,,,,,,,,,,,,,,,,,,,,,,,,,,,,,,,,,,,,
1.350358486,-0.230260208,1.892005086,-1.432172298,-0.358645946,-0.21669057,-1.822515845,-0.688943923,-0.801843107,-0.853182495,-1.367005825,0.580509841,1.383517981,0.766014338,0.935412169,-2.65905571,-0.751807511,-0.153474808,-0.568519413,-1.056649685,-0.076213099,-1.452592492,0.422920138,0.065984473,-0.625654817,-0.0329233,1.474283576,0.435122401,0.667114198,0.424286902,0.017284527,-1.378674507,-0.423935533,-0.20830597,-1.559797525,-1.36993444,0.551178455,0.913438916,1.671897411,-1.115101814,,,,,,,,,,,,,,,,,,,,,,,,,,,,,,,,,,,,,,,,,,,,,,,,,,,,,,,,,,,,
0.845072508,-1.378921151,0.333854079,1.10180378,-0.446530581,1.071298957,2.172310352,0.525139272,-0.649344981,1.316538334,0.27957812,0.150276735,-0.29503423,-0.905404806,-0.902242243,-0.337180525,-1.839906812,1.197345018,-0.448578298,1.062306643,-0.376870155,-1.044743061,-0.85287863,-0.654036939,0.087150469,1.609255552,0.729038239,-0.190837607,-0.642698109,0.677925825,0.567816854,-0.328413427,-0.503317714,0.246106416,-0.512307584,-0.02127292,0.625398517,-0.116336182,0.96651113,-0.739833593,,,,,,,,,,,,,,,,,,,,,,,,,,,,,,,,,,,,,,,,,,,,,,,,,,,,,,,,,,,,
0.323827952,0.495641053,0.774701059,-0.779115319,-0.376246065,1.814476728,-0.320619285,1.189396858,-0.612187684,-0.614627421,-0.356921703,-0.54752785,1.582355976,0.342937738,0.155000582,-0.89770478,0.502458334,-0.110695258,0.516637981,-0.133120686,0.521365345,-0.170904234,-1.631167889,1.533075809,-0.675715327,0.187673301,0.151431367,-0.083235398,1.171596527,-0.636807024,0.415560335,-0.791890144,-0.73163873,0.526615858,-1.01036787,0.279735804,2.011647463,-1.42427361,0.506633043,-1.391198397,,,,,,,,,,,,,,,,,,,,,,,,,,,,,,,,,,,,,,,,,,,,,,,,,,,,,,,,,,,,
0.342796654,0.390343666,-0.069610946,-0.017031353,1.047295451,1.102000475,0.172937632,0.583342552,-1.9544487,-0.003347579,-0.300129205,1.61586988,-1.873149753,0.668054879,1.697890997,1.315468192,-1.354387403,-0.293722928,0.417146027,0.261213988,-0.382305115,-0.050101571,-0.938464463,0.598002851,-0.93452394,-0.203731135,0.069626585,0.014402539,0.322318316,0.560363948,-0.630423427,0.26076591,-0.565214694,0.930694282,0.182853222,1.724048495,0.229692444,2.69934988,0.115079537,0.487902939,,,,,,,,,,,,,,,,,,,,,,,,,,,,,,,,,,,,,,,,,,,,,,,,,,,,,,,,,,,,
0.878799021,-0.570134938,-0.152219236,0.301710188,,,,,,,,,,,,,,,,,,,,,,,,,,,,,,,,,,,,,,,,,,,,,,,,,,,,,,,,,,,,,,,,,,,,,,,,,,,,,,,,,,,,,,,,,,,,,,,,
1.88034451,1.266608953,-0.551738918,0.923152208,,,,,,,,,,,,,,,,,,,,,,,,,,,,,,,,,,,,,,,,,,,,,,,,,,,,,,,,,,,,,,,,,,,,,,,,,,,,,,,,,,,,,,,,,,,,,,,,
0.119211718,0.213429853,0.516841531,-0.018720677,,,,,,,,,,,,,,,,,,,,,,,,,,,,,,,,,,,,,,,,,,,,,,,,,,,,,,,,,,,,,,,,,,,,,,,,,,,,,,,,,,,,,,,,,,,,,,,,
0.359447688,2.054525375,2.243339539,-1.087360859,,,,,,,,,,,,,,,,,,,,,,,,,,,,,,,,,,,,,,,,,,,,,,,,,,,,,,,,,,,,,,,,,,,,,,,,,,,,,,,,,,,,,,,,,,,,,,,,
-1.006045461,0.217014894,-1.305418491,0.741914451,,,,,,,,,,,,,,,,,,,,,,,,,,,,,,,,,,,,,,,,,,,,,,,,,,,,,,,,,,,,,,,,,,,,,,,,,,,,,,,,,,,,,,,,,,,,,,,,
0.955108762,0.264323771,-0.258675814,-0.180134207,,,,,,,,,,,,,,,,,,,,,,,,,,,,,,,,,,,,,,,,,,,,,,,,,,,,,,,,,,,,,,,,,,,,,,,,,,,,,,,,,,,,,,,,,,,,,,,,
1.238969445,-1.158106327,1.860316515,-1.135357022,,,,,,,,,,,,,,,,,,,,,,,,,,,,,,,,,,,,,,,,,,,,,,,,,,,,,,,,,,,,,,,,,,,,,,,,,,,,,,,,,,,,,,,,,,,,,,,,
-0.026232874,-0.94355303,-1.672373176,-0.968951344,,,,,,,,,,,,,,,,,,,,,,,,,,,,,,,,,,,,,,,,,,,,,,,,,,,,,,,,,,,,,,,,,,,,,,,,,,,,,,,,,,,,,,,,,,,,,,,,
1.311864734,1.046679378,1.073085189,0.701037407,,,,,,,,,,,,,,,,,,,,,,,,,,,,,,,,,,,,,,,,,,,,,,,,,,,,,,,,,,,,,,,,,,,,,,,,,,,,,,,,,,,,,,,,,,,,,,,,
-0.31132412,-0.965662003,2.211638451,0.146959826,,,,,,,,,,,,,,,,,,,,,,,,,,,,,,,,,,,,,,,,,,,,,,,,,,,,,,,,,,,,,,,,,,,,,,,,,,,,,,,,,,,,,,,,,,,,,,,,
-0.509010434,-1.398163199,-0.388649017,-1.809062958,,,,,,,,,,,,,,,,,,,,,,,,,,,,,,,,,,,,,,,,,,,,,,,,,,,,,,,,,,,,,,,,,,,,,,,,,,,,,,,,,,,,,,,,,,,,,,,,
-2.455444098,-0.734822094,-0.704874456,0.349442273,,,,,,,,,,,,,,,,,,,,,,,,,,,,,,,,,,,,,,,,,,,,,,,,,,,,,,,,,,,,,,,,,,,,,,,,,,,,,,,,,,,,,,,,,,,,,,,,
-0.504541159,-1.853684425,0.820797682,-1.643791318,,,,,,,,,,,,,,,,,,,,,,,,,,,,,,,,,,,,,,,,,,,,,,,,,,,,,,,,,,,,,,,,,,,,,,,,,,,,,,,,,,,,,,,,,,,,,,,,
-1.117219567,-0.304560542,-0.58014065,1.012205005,,,,,,,,,,,,,,,,,,,,,,,,,,,,,,,,,,,,,,,,,,,,,,,,,,,,,,,,,,,,,,,,,,,,,,,,,,,,,,,,,,,,,,,,,,,,,,,,
1.379112601,-1.321817756,0.942042708,-0.200398892,,,,,,,,,,,,,,,,,,,,,,,,,,,,,,,,,,,,,,,,,,,,,,,,,,,,,,,,,,,,,,,,,,,,,,,,,,,,,,,,,,,,,,,,,,,,,,,,
-0.521686554,0.772844076,-0.477365732,-0.608269036,,,,,,,,,,,,,,,,,,,,,,,,,,,,,,,,,,,,,,,,,,,,,,,,,,,,,,,,,,,,,,,,,,,,,,,,,,,,,,,,,,,,,,,,,,,,,,,,
-1.508691311,-0.769313037,-0.2958498,-0.533815861,,,,,,,,,,,,,,,,,,,,,,,,,,,,,,,,,,,,,,,,,,,,,,,,,,,,,,,,,,,,,,,,,,,,,,,,,,,,,,,,,,,,,,,,,,,,,,,,
-1.717435956,-0.381247729,0.614399791,0.531931162,,,,,,,,,,,,,,,,,,,,,,,,,,,,,,,,,,,,,,,,,,,,,,,,,,,,,,,,,,,,,,,,,,,,,,,,,,,,,,,,,,,,,,,,,,,,,,,,
1.115031362,0.379149616,0.244807571,0.210901946,,,,,,,,,,,,,,,,,,,,,,,,,,,,,,,,,,,,,,,,,,,,,,,,,,,,,,,,,,,,,,,,,,,,,,,,,,,,,,,,,,,,,,,,,,,,,,,,
0.719607949,0.094108626,-1.999640226,0.82615447,,,,,,,,,,,,,,,,,,,,,,,,,,,,,,,,,,,,,,,,,,,,,,,,,,,,,,,,,,,,,,,,,,,,,,,,,,,,,,,,,,,,,,,,,,,,,,,,
-0.893353462,-1.076738,0.414780468,-0.840526938,,,,,,,,,,,,,,,,,,,,,,,,,,,,,,,,,,,,,,,,,,,,,,,,,,,,,,,,,,,,,,,,,,,,,,,,,,,,,,,,,,,,,,,,,,,,,,,,
-1.902825356,-1.004576206,0.91480279,-1.011693835,,,,,,,,,,,,,,,,,,,,,,,,,,,,,,,,,,,,,,,,,,,,,,,,,,,,,,,,,,,,,,,,,,,,,,,,,,,,,,,,,,,,,,,,,,,,,,,,
-0.230425283,0.304240972,-0.055022441,0.223781735,,,,,,,,,,,,,,,,,,,,,,,,,,,,,,,,,,,,,,,,,,,,,,,,,,,,,,,,,,,,,,,,,,,,,,,,,,,,,,,,,,,,,,,,,,,,,,,,
0.383251905,1.40463388,1.503471375,0.441283077,,,,,,,,,,,,,,,,,,,,,,,,,,,,,,,,,,,,,,,,,,,,,,,,,,,,,,,,,,,,,,,,,,,,,,,,,,,,,,,,,,,,,,,,,,,,,,,,
-1.562490702,1.402215362,-1.218632102,1.865503907,,,,,,,,,,,,,,,,,,,,,,,,,,,,,,,,,,,,,,,,,,,,,,,,,,,,,,,,,,,,,,,,,,,,,,,,,,,,,,,,,,,,,,,,,,,,,,,,
-1.775825858,1.70293963,-1.02081871,0.820615411,,,,,,,,,,,,,,,,,,,,,,,,,,,,,,,,,,,,,,,,,,,,,,,,,,,,,,,,,,,,,,,,,,,,,,,,,,,,,,,,,,,,,,,,,,,,,,,,
-0.816057444,-0.013163963,2.091583252,0.043177869,,,,,,,,,,,,,,,,,,,,,,,,,,,,,,,,,,,,,,,,,,,,,,,,,,,,,,,,,,,,,,,,,,,,,,,,,,,,,,,,,,,,,,,,,,,,,,,,
-0.135153413,-0.363294005,0.951929152,-1.72882247,,,,,,,,,,,,,,,,,,,,,,,,,,,,,,,,,,,,,,,,,,,,,,,,,,,,,,,,,,,,,,,,,,,,,,,,,,,,,,,,,,,,,,,,,,,,,,,,
-0.335090458,0.533707738,0.284398466,0.674771369,,,,,,,,,,,,,,,,,,,,,,,,,,,,,,,,,,,,,,,,,,,,,,,,,,,,,,,,,,,,,,,,,,,,,,,,,,,,,,,,,,,,,,,,,,,,,,,,
1.837148428,-1.264470816,1.205675364,-0.495327473,,,,,,,,,,,,,,,,,,,,,,,,,,,,,,,,,,,,,,,,,,,,,,,,,,,,,,,,,,,,,,,,,,,,,,,,,,,,,,,,,,,,,,,,,,,,,,,,
-0.208098561,-0.575308919,0.82619226,-0.723576427,,,,,,,,,,,,,,,,,,,,,,,,,,,,,,,,,,,,,,,,,,,,,,,,,,,,,,,,,,,,,,,,,,,,,,,,,,,,,,,,,,,,,,,,,,,,,,,,
0.475322425,1.072732091,-0.822274089,-0.348063558,,,,,,,,,,,,,,,,,,,,,,,,,,,,,,,,,,,,,,,,,,,,,,,,,,,,,,,,,,,,,,,,,,,,,,,,,,,,,,,,,,,,,,,,,,,,,,,,
0.984408557,-0.159946755,-1.076008558,-0.502204776,,,,,,,,,,,,,,,,,,,,,,,,,,,,,,,,,,,,,,,,,,,,,,,,,,,,,,,,,,,,,,,,,,,,,,,,,,,,,,,,,,,,,,,,,,,,,,,,
-1.178948045,-1.816393495,-0.473830134,0.85960716,,,,,,,,,,,,,,,,,,,,,,,,,,,,,,,,,,,,,,,,,,,,,,,,,,,,,,,,,,,,,,,,,,,,,,,,,,,,,,,,,,,,,,,,,,,,,,,,
0.062607594,-0.001341979,-0.970459819,-0.09878996,,,,,,,,,,,,,,,,,,,,,,,,,,,,,,,,,,,,,,,,,,,,,,,,,,,,,,,,,,,,,,,,,,,,,,,,,,,,,,,,,,,,,,,,,,,,,,,,
0.042791277,0.191239923,-0.365631342,1.32172215,,,,,,,,,,,,,,,,,,,,,,,,,,,,,,,,,,,,,,,,,,,,,,,,,,,,,,,,,,,,,,,,,,,,,,,,,,,,,,,,,,,,,,,,,,,,,,,,
0.284701496,2.089048624,1.486532569,-0.619864821,,,,,,,,,,,,,,,,,,,,,,,,,,,,,,,,,,,,,,,,,,,,,,,,,,,,,,,,,,,,,,,,,,,,,,,,,,,,,,,,,,,,,,,,,,,,,,,,
-0.359763682,0.236979336,0.709132373,0.852444351,,,,,,,,,,,,,,,,,,,,,,,,,,,,,,,,,,,,,,,,,,,,,,,,,,,,,,,,,,,,,,,,,,,,,,,,,,,,,,,,,,,,,,,,,,,,,,,,
-0.972237289,0.754085779,0.075349607,0.312142998,,,,,,,,,,,,,,,,,,,,,,,,,,,,,,,,,,,,,,,,,,,,,,,,,,,,,,,,,,,,,,,,,,,,,,,,,,,,,,,,,,,,,,,,,,,,,,,,
1.535195231,0.413591832,-0.039405659,-0.707235932,,,,,,,,,,,,,,,,,,,,,,,,,,,,,,,,,,,,,,,,,,,,,,,,,,,,,,,,,,,,,,,,,,,,,,,,,,,,,,,,,,,,,,,,,,,,,,,,