7.94494e+09,5.76442e+10,-1.28015e+10,1.95177e+10,2.61287e+10,-0.0,0.0,-0.0,-9.17548e+10,-0.0,0.0,-0.0,-0.0,-0.0
-7.94494e+09,-5.76442e+10,1.28015e+10,-1.95177e+10,-2.61287e+10,0.0,-0.0,0.0,9.17548e+10,0.0,-0.0,0.0,0.0,0.0
-7.94494e+09,-5.76442e+10,1.28015e+10,-1.95177e+10,-2.61287e+10,0.0,-0.0,0.0,9.17548e+10,0.0,-0.0,0.0,0.0,0.0
-7.94494e+09,-5.76442e+10,1.28015e+10,-1.95177e+10,-2.61287e+10,0.0,-0.0,0.0,9.17548e+10,0.0,-0.0,0.0,0.0,0.0
7.94494e+09,5.76442e+10,-1.28015e+10,1.95177e+10,2.61287e+10,-0.0,0.0,-0.0,-9.17548e+10,-0.0,0.0,-0.0,-0.0,-0.0
7.94494e+09,5.76442e+10,-1.28015e+10,1.95177e+10,2.61287e+10,-0.0,0.0,-0.0,-9.17548e+10,-0.0,0.0,-0.0,-0.0,-0.0
-7.94494e+09,-5.76442e+10,1.28015e+10,-1.95177e+10,-2.61287e+10,0.0,-0.0,0.0,9.17548e+10,0.0,-0.0,0.0,0.0,0.0
7.94494e+09,5.76442e+10,-1.28015e+10,1.95177e+10,2.61287e+10,-0.0,0.0,-0.0,-9.17548e+10,-0.0,0.0,-0.0,-0.0,-0.0
-7.94494e+09,-5.76442e+10,1.28015e+10,-1.95177e+10,-2.61287e+10,0.0,-0.0,0.0,9.17548e+10,0.0,-0.0,0.0,0.0,0.0
-7.94494e+09,-5.76442e+10,1.28015e+10,-1.95177e+10,-2.61287e+10,0.0,-0.0,0.0,9.17548e+10,0.0,-0.0,0.0,0.0,0.0
7.94494e+09,5.76442e+10,-1.28015e+10,1.95177e+10,2.61287e+10,-0.0,0.0,-0.0,-9.17548e+10,-0.0,0.0,-0.0,-0.0,-0.0
7.94494e+09,5.76442e+10,-1.28015e+10,1.95177e+10,2.61287e+10,-0.0,0.0,-0.0,-9.17548e+10,-0.0,0.0,-0.0,-0.0,-0.0
-7.94494e+09,-5.76442e+10,1.28015e+10,-1.95177e+10,-2.61287e+10,0.0,-0.0,0.0,9.17548e+10,0.0,-0.0,0.0,0.0,0.0
-7.94494e+09,-5.76442e+10,1.28015e+10,-1.95177e+10,-2.61287e+10,0.0,-0.0,0.0,9.17548e+10,0.0,-0.0,0.0,0.0,0.0
-0.0,-1.55517e+09,1.19952e+10,0.0,0.0,-0.0,0.0,-0.0,1.06608e+10,2.47308e+09,0.0,0.0,-1.39265e+10,-2.97654e+09
-0.0,-1.02829e+10,7.93128e+10,0.0,0.0,-0.0,0.0,-0.0,7.04895e+10,1.63522e+10,0.0,0.0,-9.20829e+10,-1.9681e+10
-0.0,-5.21623e+09,4.02333e+10,0.0,0.0,-0.0,0.0,-0.0,3.57574e+10,8.29502e+09,0.0,0.0,-4.67112e+10,-9.98365e+09
-0.0,-3.45719e+09,2.66656e+10,0.0,0.0,-0.0,0.0,-0.0,2.36991e+10,5.49773e+09,0.0,0.0,-3.0959e+10,-6.61691e+09
-0.0,-4.57173e+09,3.52621e+10,0.0,0.0,-0.0,0.0,-0.0,3.13393e+10,7.27011e+09,0.0,0.0,-4.09397e+10,-8.7501e+09
0.0,0.0,-0.0,-0.0,-0.0,0.0,-0.0,0.0,-0.0,-0.0,-0.0,-0.0,0.0,0.0
0.0,0.0,-0.0,-0.0,-0.0,0.0,-0.0,0.0,-0.0,-0.0,-0.0,-0.0,0.0,0.0
0.0,0.0,-0.0,-0.0,-0.0,0.0,-0.0,0.0,-0.0,-0.0,-0.0,-0.0,0.0,0.0
-0.0,-3.26655e+10,2.51952e+11,0.0,0.0,-0.0,0.0,-0.0,2.23923e+11,5.19457e+10,0.0,0.0,-2.92518e+11,-6.25204e+10
0.0,0.0,-0.0,-0.0,-0.0,0.0,-0.0,0.0,-0.0,-0.0,-0.0,-0.0,0.0,0.0
0.0,0.0,-0.0,-0.0,-0.0,0.0,-0.0,0.0,-0.0,-0.0,-0.0,-0.0,0.0,0.0
0.0,0.0,-0.0,-0.0,-0.0,0.0,-0.0,0.0,-0.0,-0.0,-0.0,-0.0,0.0,0.0
0.0,0.0,-0.0,-0.0,-0.0,0.0,-0.0,0.0,-0.0,-0.0,-0.0,-0.0,0.0,0.0
0.0,0.0,-0.0,-0.0,-0.0,0.0,-0.0,0.0,-0.0,-0.0,-0.0,-0.0,0.0,0.0
0.0,-0.0,-0.0,-0.0,-0.0,0.0,-0.0,0.0,-0.0,0.0,0.0,-0.0,-0.0,-0.0
-0.0,7.37917e+10,0.0,0.0,0.0,-1.90855e+10,0.0,-0.0,5.58976e+10,-0.0,-0.0,2.86838e+08,4.18136e+10,3.58848e+10
-0.0,2.38997e+11,0.0,0.0,0.0,-6.18142e+10,0.0,-0.0,1.81041e+11,-0.0,-0.0,9.29011e+08,1.35426e+11,1.16224e+11
0.0,-0.0,-0.0,-0.0,-0.0,0.0,-0.0,0.0,-0.0,0.0,0.0,-0.0,-0.0,-0.0
0.0,-0.0,-0.0,-0.0,-0.0,0.0,-0.0,0.0,-0.0,0.0,0.0,-0.0,-0.0,-0.0
0.0,-0.0,-0.0,-0.0,-0.0,0.0,-0.0,0.0,-0.0,0.0,0.0,-0.0,-0.0,-0.0
0.0,-0.0,-0.0,-0.0,-0.0,0.0,-0.0,0.0,-0.0,0.0,0.0,-0.0,-0.0,-0.0
0.0,-0.0,-0.0,-0.0,-0.0,0.0,-0.0,0.0,-0.0,0.0,0.0,-0.0,-0.0,-0.0
-0.0,1.07448e+11,0.0,0.0,0.0,-2.77905e+10,0.0,-0.0,8.13927e+10,-0.0,-0.0,4.17666e+08,6.0885e+10,5.22521e+10
-0.0,1.64967e+11,0.0,0.0,0.0,-4.26671e+10,0.0,-0.0,1.24963e+11,-0.0,-0.0,6.41247e+08,9.34775e+10,8.02232e+10
0.0,-0.0,-0.0,-0.0,-0.0,0.0,-0.0,0.0,-0.0,0.0,0.0,-0.0,-0.0,-0.0
0.0,-0.0,-0.0,-0.0,-0.0,0.0,-0.0,0.0,-0.0,0.0,0.0,-0.0,-0.0,-0.0
-0.0,2.03128e+09,0.0,0.0,0.0,-5.25372e+08,0.0,-0.0,1.53871e+09,-0.0,-0.0,7.89586e+06,1.15101e+09,9.87811e+08
-0.0,4.46596e+10,0.0,0.0,0.0,-1.15508e+10,0.0,-0.0,3.38299e+10,-0.0,-0.0,1.73598e+08,2.53061e+10,2.17179e+10
0.0,0.0,-0.0,0.0,0.0,-0.0,0.0,-0.0,-0.0,0.0,-0.0,-0.0,-0.0,-0.0
-0.0,-0.0,1.70988e+11,-2.08183e+11,-0.0,8.30312e+10,-0.0,2.63013e+10,0.0,-0.0,2.14497e+11,0.0,0.0,0.0
0.0,0.0,-0.0,0.0,0.0,-0.0,0.0,-0.0,-0.0,0.0,-0.0,-0.0,-0.0,-0.0
0.0,0.0,-0.0,0.0,0.0,-0.0,0.0,-0.0,-0.0,0.0,-0.0,-0.0,-0.0,-0.0
0.0,0.0,-0.0,0.0,0.0,-0.0,0.0,-0.0,-0.0,0.0,-0.0,-0.0,-0.0,-0.0
-0.0,-0.0,1.55638e+11,-1.89493e+11,-0.0,7.55771e+10,-0.0,2.39401e+10,0.0,-0.0,1.95241e+11,0.0,0.0,0.0
0.0,0.0,-0.0,0.0,0.0,-0.0,0.0,-0.0,-0.0,0.0,-0.0,-0.0,-0.0,-0.0
0.0,0.0,-0.0,0.0,0.0,-0.0,0.0,-0.0,-0.0,0.0,-0.0,-0.0,-0.0,-0.0
-0.0,-0.0,1.87588e+11,-2.28393e+11,-0.0,9.10918e+10,-0.0,2.88546e+10,0.0,-0.0,2.35321e+11,0.0,0.0,0.0
0.0,0.0,-0.0,0.0,0.0,-0.0,0.0,-0.0,-0.0,0.0,-0.0,-0.0,-0.0,-0.0
0.0,0.0,-0.0,0.0,0.0,-0.0,0.0,-0.0,-0.0,0.0,-0.0,-0.0,-0.0,-0.0
-0.0,-0.0,1.00081e+11,-1.21852e+11,-0.0,4.85991e+10,-0.0,1.53944e+10,0.0,-0.0,1.25548e+11,0.0,0.0,0.0
-0.0,-0.0,1.70771e+09,-2.07918e+09,-0.0,8.29257e+08,-0.0,2.62679e+08,0.0,-0.0,2.14225e+09,0.0,0.0,0.0
-0.0,-0.0,5.69571e+10,-6.93469e+10,-0.0,2.76581e+10,-0.0,8.7611e+09,0.0,-0.0,7.14502e+10,0.0,0.0,0.0
-0.0,-0.0,-0.0,-0.0,0.0,-0.0,-0.0,-0.0,-0.0,-0.0,0.0,-0.0,0.0,-0.0
-0.0,-0.0,-0.0,-0.0,0.0,-0.0,-0.0,-0.0,-0.0,-0.0,0.0,-0.0,0.0,-0.0
0.0,1.16235e+11,7.37722e+10,0.0,-0.0,0.0,0.0,2.24426e+11,1.48354e+11,0.0,-2.14066e+09,1.39957e+11,-0.0,2.36528e+11
0.0,4.18739e+10,2.65765e+10,0.0,-0.0,0.0,0.0,8.08495e+10,5.34447e+10,0.0,-7.71175e+08,5.04196e+10,-0.0,8.52092e+10
-0.0,-0.0,-0.0,-0.0,0.0,-0.0,-0.0,-0.0,-0.0,-0.0,0.0,-0.0,0.0,-0.0
0.0,1.03092e+10,6.54303e+09,0.0,-0.0,0.0,0.0,1.99048e+10,1.31579e+10,0.0,-1.8986e+08,1.24131e+10,-0.0,2.09782e+10
-0.0,-0.0,-0.0,-0.0,0.0,-0.0,-0.0,-0.0,-0.0,-0.0,0.0,-0.0,0.0,-0.0
0.0,9.54123e+10,6.05563e+10,0.0,-0.0,0.0,0.0,1.84221e+11,1.21777e+11,0.0,-1.75717e+09,1.14884e+11,-0.0,1.94155e+11
-0.0,-0.0,-0.0,-0.0,0.0,-0.0,-0.0,-0.0,-0.0,-0.0,0.0,-0.0,0.0,-0.0
-0.0,-0.0,-0.0,-0.0,0.0,-0.0,-0.0,-0.0,-0.0,-0.0,0.0,-0.0,0.0,-0.0
0.0,9.32899e+10,5.92092e+10,0.0,-0.0,0.0,0.0,1.80123e+11,1.19068e+11,0.0,-1.71808e+09,1.12329e+11,-0.0,1.89836e+11
-0.0,-0.0,-0.0,-0.0,0.0,-0.0,-0.0,-0.0,-0.0,-0.0,0.0,-0.0,0.0,-0.0
-0.0,-0.0,-0.0,-0.0,0.0,-0.0,-0.0,-0.0,-0.0,-0.0,0.0,-0.0,0.0,-0.0
-0.0,-0.0,-0.0,-0.0,0.0,-0.0,-0.0,-0.0,-0.0,-0.0,0.0,-0.0,0.0,-0.0
-0.0,0.0,0.0,-0.0,-0.0,-0.0,0.0,-0.0,-0.0,-0.0,-0.0,-0.0,-0.0,-0.0
6.49814e+10,-2.48355e+10,-5.58708e+09,3.79364e+10,5.05275e+10,4.22025e+10,-0.0,3.93916e+10,4.17434e+08,0.0,1.62148e+10,1.09121e+10,0.0,0.0
1.00794e+11,-3.85226e+10,-8.66619e+09,5.88436e+10,7.8374e+10,6.54609e+10,-0.0,6.11009e+10,6.47488e+08,0.0,2.5151e+10,1.69259e+10,0.0,0.0
-0.0,0.0,0.0,-0.0,-0.0,-0.0,0.0,-0.0,-0.0,-0.0,-0.0,-0.0,-0.0,-0.0
-0.0,0.0,0.0,-0.0,-0.0,-0.0,0.0,-0.0,-0.0,-0.0,-0.0,-0.0,-0.0,-0.0
-0.0,0.0,0.0,-0.0,-0.0,-0.0,0.0,-0.0,-0.0,-0.0,-0.0,-0.0,-0.0,-0.0
-0.0,0.0,0.0,-0.0,-0.0,-0.0,0.0,-0.0,-0.0,-0.0,-0.0,-0.0,-0.0,-0.0
4.23547e+10,-1.61877e+10,-3.64164e+09,2.47268e+10,3.29337e+10,2.75075e+10,-0.0,2.56754e+10,2.72082e+08,0.0,1.05687e+10,7.11248e+09,0.0,0.0
4.91284e+10,-1.87765e+10,-4.22404e+09,2.86813e+10,3.82007e+10,3.19067e+10,-0.0,2.97815e+10,3.15596e+08,0.0,1.2259e+10,8.24995e+09,0.0,0.0
-0.0,0.0,0.0,-0.0,-0.0,-0.0,0.0,-0.0,-0.0,-0.0,-0.0,-0.0,-0.0,-0.0
8.37776e+10,-3.20192e+10,-7.20316e+09,4.89096e+10,6.51428e+10,5.44098e+10,-0.0,5.07858e+10,5.38179e+08,0.0,2.0905e+10,1.40685e+10,0.0,0.0
3.65801e+10,-1.39807e+10,-3.14514e+09,2.13556e+10,2.84435e+10,2.37571e+10,-0.0,2.21748e+10,2.34987e+08,0.0,9.1278e+09,6.14276e+09,0.0,0.0
-0.0,0.0,0.0,-0.0,-0.0,-0.0,0.0,-0.0,-0.0,-0.0,-0.0,-0.0,-0.0,-0.0
1.4317e+11,-5.47185e+10,-1.23097e+10,8.35829e+10,1.11324e+11,9.29823e+10,-0.0,8.67892e+10,9.19707e+08,0.0,3.5725e+10,2.4042e+10,0.0,0.0
4.26933e+10,3.28747e+10,0.0,-0.0,-0.0,-1.25079e+10,4.11185e+10,2.2862e+10,0.0,5.03353e+10,-0.0,6.63194e+10,-2.88515e+10,6.32133e+09
2.73958e+10,2.10953e+10,0.0,-0.0,-0.0,-8.02616e+09,2.63853e+10,1.46703e+10,0.0,3.22996e+10,-0.0,4.25564e+10,-1.85137e+10,4.05632e+09
3.21929e+09,2.47892e+09,0.0,-0.0,-0.0,-9.43157e+08,3.10054e+09,1.72391e+09,0.0,3.79554e+09,-0.0,5.00082e+09,-2.17555e+09,4.7666e+08
1.71874e+10,1.32346e+10,0.0,-0.0,-0.0,-5.03539e+09,1.65534e+10,9.20374e+09,0.0,2.02639e+10,-0.0,2.66987e+10,-1.1615e+10,2.54483e+09
6.91007e+10,5.32088e+10,0.0,-0.0,-0.0,-2.02444e+10,6.65518e+10,3.7003e+10,0.0,8.14695e+10,-0.0,1.0734e+11,-4.66972e+10,1.02313e+10
6.71041e+10,5.16714e+10,0.0,-0.0,-0.0,-1.96595e+10,6.46288e+10,3.59338e+10,0.0,7.91155e+10,-0.0,1.04239e+11,-4.53479e+10,9.93567e+09
-0.0,-0.0,-0.0,0.0,0.0,0.0,-0.0,-0.0,-0.0,-0.0,0.0,-0.0,0.0,-0.0
1.89642e+10,1.46028e+10,0.0,-0.0,-0.0,-5.55594e+09,1.82647e+10,1.01552e+10,0.0,2.23587e+10,-0.0,2.94588e+10,-1.28157e+10,2.80791e+09
1.70978e+09,1.31656e+09,0.0,-0.0,-0.0,-5.00914e+08,1.64671e+09,9.15576e+08,0.0,2.01582e+09,-0.0,2.65596e+09,-1.15544e+09,2.53156e+08
-0.0,-0.0,-0.0,0.0,0.0,0.0,-0.0,-0.0,-0.0,-0.0,0.0,-0.0,0.0,-0.0
2.33372e+10,1.79701e+10,0.0,-0.0,-0.0,-6.83712e+09,2.24764e+10,1.2497e+10,0.0,2.75145e+10,-0.0,3.62519e+10,-1.57709e+10,3.4554e+09
8.60697e+10,6.62753e+10,0.0,-0.0,-0.0,-2.52159e+10,8.28948e+10,4.60898e+10,0.0,1.01476e+11,-0.0,1.337e+11,-5.81645e+10,1.27438e+10
-0.0,-0.0,-0.0,0.0,0.0,0.0,-0.0,-0.0,-0.0,-0.0,0.0,-0.0,0.0,-0.0
-0.0,-0.0,-0.0,0.0,0.0,0.0,-0.0,-0.0,-0.0,-0.0,0.0,-0.0,0.0,-0.0
3.82735e+09,0.0,1.6473e+10,2.18644e+09,-0.0,-0.0,0.0,1.30528e+10,2.30726e+10,1.51325e+10,3.8255e+09,0.0,1.32123e+10,-1.8631e+10
1.81631e+10,0.0,7.81743e+10,1.0376e+10,-0.0,-0.0,0.0,6.19434e+10,1.09494e+11,7.18128e+10,1.81543e+10,0.0,6.27005e+10,-8.84154e+10
-0.0,-0.0,-0.0,-0.0,0.0,0.0,-0.0,-0.0,-0.0,-0.0,-0.0,-0.0,-0.0,0.0
-0.0,-0.0,-0.0,-0.0,0.0,0.0,-0.0,-0.0,-0.0,-0.0,-0.0,-0.0,-0.0,0.0
-0.0,-0.0,-0.0,-0.0,0.0,0.0,-0.0,-0.0,-0.0,-0.0,-0.0,-0.0,-0.0,0.0
9.45078e+08,0.0,4.06763e+09,5.39892e+08,-0.0,-0.0,0.0,3.22309e+09,5.69726e+09,3.73662e+09,9.44619e+08,0.0,3.26249e+09,-4.6005e+09
5.28477e+09,0.0,2.27457e+10,3.01901e+09,-0.0,-0.0,0.0,1.80231e+10,3.18584e+10,2.08948e+10,5.2822e+09,0.0,1.82434e+10,-2.57255e+10
1.63165e+10,0.0,7.02265e+10,9.32107e+09,-0.0,-0.0,0.0,5.56457e+10,9.83615e+10,6.45117e+10,1.63086e+10,0.0,5.63259e+10,-7.94263e+10
-0.0,-0.0,-0.0,-0.0,0.0,0.0,-0.0,-0.0,-0.0,-0.0,-0.0,-0.0,-0.0,0.0
2.42614e+10,0.0,1.04422e+11,1.38597e+10,-0.0,-0.0,0.0,8.2741e+10,1.46256e+11,9.59241e+10,2.42496e+10,0.0,8.37524e+10,-1.18101e+11
-0.0,-0.0,-0.0,-0.0,0.0,0.0,-0.0,-0.0,-0.0,-0.0,-0.0,-0.0,-0.0,0.0
3.5023e+10,0.0,1.5074e+11,2.00075e+10,-0.0,-0.0,0.0,1.19442e+11,2.11131e+11,1.38473e+11,3.5006e+10,0.0,1.20902e+11,-1.70487e+11
1.63539e+10,0.0,7.03874e+10,9.34243e+09,-0.0,-0.0,0.0,5.57732e+10,9.8587e+10,6.46596e+10,1.6346e+10,0.0,5.6455e+10,-7.96084e+10
1.82856e+10,0.0,7.87016e+10,1.0446e+10,-0.0,-0.0,0.0,6.23612e+10,1.10232e+11,7.22972e+10,1.82768e+10,0.0,6.31235e+10,-8.90118e+10
-1.14119e+10,-0.0,-1.51611e+09,-0.0,-0.0,4.28428e+09,-3.70362e+09,-0.0,1.9867e+10,6.24669e+10,-5.4795e+09,5.17484e+09,-1.20517e+10,-0.0
0.0,0.0,0.0,0.0,0.0,-0.0,0.0,0.0,-0.0,-0.0,0.0,-0.0,0.0,0.0
-2.37036e+10,-0.0,-3.1491e+09,-0.0,-0.0,8.89883e+09,-7.69275e+09,-0.0,4.12656e+10,1.29749e+11,-1.13814e+10,1.07486e+10,-2.50326e+10,-0.0
-3.34148e+10,-0.0,-4.43927e+09,-0.0,-0.0,1.25446e+10,-1.08444e+10,-0.0,5.81719e+10,1.82907e+11,-1.60443e+10,1.51523e+10,-3.52883e+10,-0.0
0.0,0.0,0.0,0.0,0.0,-0.0,0.0,0.0,-0.0,-0.0,0.0,-0.0,0.0,0.0
0.0,0.0,0.0,0.0,0.0,-0.0,0.0,0.0,-0.0,-0.0,0.0,-0.0,0.0,0.0
0.0,0.0,0.0,0.0,0.0,-0.0,0.0,0.0,-0.0,-0.0,0.0,-0.0,0.0,0.0
-3.92781e+09,-0.0,-5.21822e+08,-0.0,-0.0,1.47458e+09,-1.27473e+09,-0.0,6.83792e+09,2.15002e+10,-1.88596e+09,1.7811e+09,-4.14803e+09,-0.0
-2.49559e+10,-0.0,-3.31547e+09,-0.0,-0.0,9.36898e+09,-8.09918e+09,-0.0,4.34457e+10,1.36604e+11,-1.19827e+10,1.13165e+10,-2.63551e+10,-0.0
-4.11498e+10,-0.0,-5.46689e+09,-0.0,-0.0,1.54485e+10,-1.33547e+10,-0.0,7.16377e+10,2.25247e+11,-1.97583e+10,1.86598e+10,-4.34569e+10,-0.0
-1.95144e+10,-0.0,-2.59255e+09,-0.0,-0.0,7.32612e+09,-6.3332e+09,-0.0,3.39726e+10,1.06819e+11,-9.36995e+09,8.84899e+09,-2.06085e+10,-0.0
0.0,0.0,0.0,0.0,0.0,-0.0,0.0,0.0,-0.0,-0.0,0.0,-0.0,0.0,0.0
-3.5877e+09,-0.0,-4.76638e+08,-0.0,-0.0,1.3469e+09,-1.16435e+09,-0.0,6.24583e+09,1.96385e+10,-1.72266e+09,1.62688e+09,-3.78885e+09,-0.0
-2.40149e+08,-0.0,-3.19046e+07,-0.0,-0.0,9.01569e+07,-7.79378e+07,-0.0,4.18075e+08,1.31453e+09,-1.15309e+08,1.08898e+08,-2.53613e+08,-0.0
0.0,-0.0,-1.5135e+10,7.9115e+09,-0.0,4.51126e+09,0.0,-0.0,0.0,-0.0,1.33227e+10,0.0,1.47236e+10,-0.0
-0.0,0.0,0.0,-0.0,0.0,-0.0,-0.0,0.0,-0.0,0.0,-0.0,-0.0,-0.0,0.0
0.0,-0.0,-3.45821e+10,1.80771e+10,-0.0,1.03078e+10,0.0,-0.0,0.0,-0.0,3.04411e+10,0.0,3.36421e+10,-0.0
-0.0,0.0,0.0,-0.0,0.0,-0.0,-0.0,0.0,-0.0,0.0,-0.0,-0.0,-0.0,0.0
-0.0,0.0,0.0,-0.0,0.0,-0.0,-0.0,0.0,-0.0,0.0,-0.0,-0.0,-0.0,0.0
0.0,-0.0,-9.72704e+10,5.0846e+10,-0.0,2.89931e+10,0.0,-0.0,0.0,-0.0,8.56228e+10,0.0,9.46263e+10,-0.0
0.0,-0.0,-9.94861e+09,5.20042e+09,-0.0,2.96536e+09,0.0,-0.0,0.0,-0.0,8.75731e+09,0.0,9.67817e+09,-0.0
-0.0,0.0,0.0,-0.0,0.0,-0.0,-0.0,0.0,-0.0,0.0,-0.0,-0.0,-0.0,0.0
0.0,-0.0,-9.69826e+10,5.06955e+10,-0.0,2.89073e+10,0.0,-0.0,0.0,-0.0,8.53694e+10,0.0,9.43463e+10,-0.0
0.0,-0.0,-1.47629e+11,7.717e+10,-0.0,4.40035e+10,0.0,-0.0,0.0,-0.0,1.29951e+11,0.0,1.43616e+11,-0.0
0.0,-0.0,-9.9589e+10,5.20579e+10,-0.0,2.96842e+10,0.0,-0.0,0.0,-0.0,8.76637e+10,0.0,9.68818e+10,-0.0
0.0,-0.0,-4.47138e+10,2.33731e+10,-0.0,1.33277e+10,0.0,-0.0,0.0,-0.0,3.93595e+10,0.0,4.34983e+10,-0.0
0.0,-0.0,-4.28322e+09,2.23896e+09,-0.0,1.27669e+09,0.0,-0.0,0.0,-0.0,3.77033e+09,0.0,4.16679e+09,-0.0
-0.0,0.0,0.0,-0.0,0.0,-0.0,-0.0,0.0,-0.0,0.0,-0.0,-0.0,-0.0,0.0
-0.0,0.0,0.0,0.0,-0.0,-0.0,0.0,-0.0,0.0,-0.0,0.0,-0.0,-0.0,-0.0
-0.0,0.0,0.0,0.0,-0.0,-0.0,0.0,-0.0,0.0,-0.0,0.0,-0.0,-0.0,-0.0
0.0,-0.0,-1.25491e+10,-0.0,3.5097e+10,6.22098e+09,-0.0,0.0,-0.0,3.13433e+10,-0.0,1.22337e+09,2.53e+09,2.69112e+10
0.0,-0.0,-6.02114e+10,-0.0,1.68398e+11,2.98487e+10,-0.0,0.0,-0.0,1.50387e+11,-0.0,5.86982e+09,1.21391e+10,1.29122e+11
-0.0,0.0,0.0,0.0,-0.0,-0.0,0.0,-0.0,0.0,-0.0,0.0,-0.0,-0.0,-0.0
0.0,-0.0,-3.7467e+10,-0.0,1.04787e+11,1.85736e+10,-0.0,0.0,-0.0,9.35799e+10,-0.0,3.65255e+09,7.55367e+09,8.03471e+10
-0.0,0.0,0.0,0.0,-0.0,-0.0,0.0,-0.0,0.0,-0.0,0.0,-0.0,-0.0,-0.0
-0.0,0.0,0.0,0.0,-0.0,-0.0,0.0,-0.0,0.0,-0.0,0.0,-0.0,-0.0,-0.0
-0.0,0.0,0.0,0.0,-0.0,-0.0,0.0,-0.0,0.0,-0.0,0.0,-0.0,-0.0,-0.0
-0.0,0.0,0.0,0.0,-0.0,-0.0,0.0,-0.0,0.0,-0.0,0.0,-0.0,-0.0,-0.0
0.0,-0.0,-2.10579e+10,-0.0,5.88942e+10,1.04391e+10,-0.0,0.0,-0.0,5.25954e+10,-0.0,2.05287e+09,4.24544e+09,4.5158e+10
-0.0,0.0,0.0,0.0,-0.0,-0.0,0.0,-0.0,0.0,-0.0,0.0,-0.0,-0.0,-0.0
0.0,-0.0,-1.13666e+11,-0.0,3.17898e+11,5.63476e+10,-0.0,0.0,-0.0,2.83898e+11,-0.0,1.10809e+10,2.29159e+10,2.43753e+11
-0.0,0.0,0.0,0.0,-0.0,-0.0,0.0,-0.0,0.0,-0.0,0.0,-0.0,-0.0,-0.0
0.0,-0.0,-0.0,0.0,0.0,-0.0,0.0,-0.0,-0.0,-0.0,-0.0,-0.0,-0.0,-0.0
0.0,-0.0,-0.0,0.0,0.0,-0.0,0.0,-0.0,-0.0,-0.0,-0.0,-0.0,-0.0,-0.0
-9.50275e+09,0.0,0.0,-0.0,-0.0,0.0,-6.99634e+09,3.56255e+10,3.94309e+10,4.37741e+09,1.09095e+10,0.0,0.0,4.3828e+09
0.0,-0.0,-0.0,0.0,0.0,-0.0,0.0,-0.0,-0.0,-0.0,-0.0,-0.0,-0.0,-0.0
-1.0546e+10,0.0,0.0,-0.0,-0.0,0.0,-7.76443e+09,3.95366e+10,4.37598e+10,4.85798e+09,1.21072e+10,0.0,0.0,4.86396e+09
-2.68243e+10,0.0,0.0,-0.0,-0.0,0.0,-1.97492e+10,1.00563e+11,1.11305e+11,1.23565e+10,3.07953e+10,0.0,0.0,1.23717e+10
0.0,-0.0,-0.0,0.0,0.0,-0.0,0.0,-0.0,-0.0,-0.0,-0.0,-0.0,-0.0,-0.0
0.0,-0.0,-0.0,0.0,0.0,-0.0,0.0,-0.0,-0.0,-0.0,-0.0,-0.0,-0.0,-0.0
0.0,-0.0,-0.0,0.0,0.0,-0.0,0.0,-0.0,-0.0,-0.0,-0.0,-0.0,-0.0,-0.0
-3.0591e+10,0.0,0.0,-0.0,-0.0,0.0,-2.25224e+10,1.14685e+11,1.26935e+11,1.40916e+10,3.51196e+10,0.0,0.0,1.4109e+10
0.0,-0.0,-0.0,0.0,0.0,-0.0,0.0,-0.0,-0.0,-0.0,-0.0,-0.0,-0.0,-0.0
-2.84786e+10,0.0,0.0,-0.0,-0.0,0.0,-2.09672e+10,1.06765e+11,1.1817e+11,1.31186e+10,3.26945e+10,0.0,0.0,1.31347e+10
-1.43279e+10,0.0,0.0,-0.0,-0.0,0.0,-1.05488e+10,5.37149e+10,5.94526e+10,6.60011e+09,1.6449e+10,0.0,0.0,6.60824e+09
-2.64358e+10,0.0,0.0,-0.0,-0.0,0.0,-1.94632e+10,9.91067e+10,1.09693e+11,1.21775e+10,3.03493e+10,0.0,0.0,1.21925e+10
0.0,0.0,0.0,2.43713e+10,4.83838e+10,0.0,1.09851e+11,0.0,-0.0,8.97464e+09,0.0,0.0,3.15945e+10,-5.86441e+10
-0.0,-0.0,-0.0,-0.0,-0.0,-0.0,-0.0,-0.0,0.0,-0.0,-0.0,-0.0,-0.0,0.0
-0.0,-0.0,-0.0,-0.0,-0.0,-0.0,-0.0,-0.0,0.0,-0.0,-0.0,-0.0,-0.0,0.0
-0.0,-0.0,-0.0,-0.0,-0.0,-0.0,-0.0,-0.0,0.0,-0.0,-0.0,-0.0,-0.0,0.0
-0.0,-0.0,-0.0,-0.0,-0.0,-0.0,-0.0,-0.0,0.0,-0.0,-0.0,-0.0,-0.0,0.0
-0.0,-0.0,-0.0,-0.0,-0.0,-0.0,-0.0,-0.0,0.0,-0.0,-0.0,-0.0,-0.0,0.0
0.0,0.0,0.0,3.19002e+10,6.33308e+10,0.0,1.43787e+11,0.0,-0.0,1.17471e+10,0.0,0.0,4.13548e+10,-7.67607e+10
0.0,0.0,0.0,5.04205e+10,1.00099e+11,0.0,2.27265e+11,0.0,-0.0,1.85672e+10,0.0,0.0,6.53641e+10,-1.21326e+11
0.0,0.0,0.0,4.9961e+10,9.91866e+10,0.0,2.25194e+11,0.0,-0.0,1.8398e+10,0.0,0.0,6.47684e+10,-1.2022e+11
0.0,0.0,0.0,9.92519e+09,1.97043e+10,0.0,4.47367e+10,0.0,-0.0,3.65492e+09,0.0,0.0,1.28668e+10,-2.38827e+10
0.0,0.0,0.0,3.38333e+10,6.71686e+10,0.0,1.525e+11,0.0,-0.0,1.2459e+10,0.0,0.0,4.38608e+10,-8.14123e+10
-0.0,-0.0,-0.0,-0.0,-0.0,-0.0,-0.0,-0.0,0.0,-0.0,-0.0,-0.0,-0.0,0.0
-0.0,-0.0,-0.0,-0.0,-0.0,-0.0,-0.0,-0.0,0.0,-0.0,-0.0,-0.0,-0.0,0.0
0.0,0.0,0.0,6.60207e+09,1.3107e+10,0.0,2.97581e+10,0.0,-0.0,2.43119e+09,0.0,0.0,8.5588e+09,-1.58864e+10
-0.0,0.0,-0.0,-0.0,-0.0,-0.0,0.0,-0.0,-0.0,-0.0,-0.0,-0.0,-0.0,0.0
-0.0,0.0,-0.0,-0.0,-0.0,-0.0,0.0,-0.0,-0.0,-0.0,-0.0,-0.0,-0.0,0.0
-0.0,0.0,-0.0,-0.0,-0.0,-0.0,0.0,-0.0,-0.0,-0.0,-0.0,-0.0,-0.0,0.0
1.02579e+11,-0.0,3.94443e+10,0.0,3.35021e+10,0.0,-0.0,0.0,0.0,4.45398e+09,3.02705e+10,0.0,0.0,-4.65399e+08
1.6678e+11,-0.0,6.41315e+10,0.0,5.44702e+10,0.0,-0.0,0.0,0.0,7.24162e+09,4.92161e+10,0.0,0.0,-7.56681e+08
-0.0,0.0,-0.0,-0.0,-0.0,-0.0,0.0,-0.0,-0.0,-0.0,-0.0,-0.0,-0.0,0.0
2.85373e+11,-0.0,1.09734e+11,0.0,9.32027e+10,0.0,-0.0,0.0,0.0,1.2391e+10,8.42125e+10,0.0,0.0,-1.29474e+09
-0.0,0.0,-0.0,-0.0,-0.0,-0.0,0.0,-0.0,-0.0,-0.0,-0.0,-0.0,-0.0,0.0
-0.0,0.0,-0.0,-0.0,-0.0,-0.0,0.0,-0.0,-0.0,-0.0,-0.0,-0.0,-0.0,0.0
1.30298e+11,-0.0,5.01032e+10,0.0,4.25552e+10,0.0,-0.0,0.0,0.0,5.65757e+09,3.84504e+10,0.0,0.0,-5.91162e+08
-0.0,0.0,-0.0,-0.0,-0.0,-0.0,0.0,-0.0,-0.0,-0.0,-0.0,-0.0,-0.0,0.0
-0.0,0.0,-0.0,-0.0,-0.0,-0.0,0.0,-0.0,-0.0,-0.0,-0.0,-0.0,-0.0,0.0
1.81649e+11,-0.0,6.9849e+10,0.0,5.93264e+10,0.0,-0.0,0.0,0.0,7.88723e+09,5.36039e+10,0.0,0.0,-8.24142e+08
1.75428e+10,-0.0,6.74568e+09,0.0,5.72945e+09,0.0,-0.0,0.0,0.0,7.61711e+08,5.1768e+09,0.0,0.0,-7.95916e+07
-0.0,-0.0,0.0,0.0,-0.0,1.85612e+10,2.46586e+10,1.572e+11,1.21627e+11,0.0,0.0,-0.0,-0.0,0.0
0.0,0.0,-0.0,-0.0,0.0,-0.0,-0.0,-0.0,-0.0,-0.0,-0.0,0.0,0.0,-0.0
-0.0,-0.0,0.0,0.0,-0.0,5.24032e+10,6.9618e+10,4.43819e+11,3.43386e+11,0.0,0.0,-0.0,-0.0,0.0
0.0,0.0,-0.0,-0.0,0.0,-0.0,-0.0,-0.0,-0.0,-0.0,-0.0,0.0,0.0,-0.0
-0.0,-0.0,0.0,0.0,-0.0,4.28974e+09,5.69895e+09,3.63311e+10,2.81097e+10,0.0,0.0,-0.0,-0.0,0.0
0.0,0.0,-0.0,-0.0,0.0,-0.0,-0.0,-0.0,-0.0,-0.0,-0.0,0.0,0.0,-0.0
0.0,0.0,-0.0,-0.0,0.0,-0.0,-0.0,-0.0,-0.0,-0.0,-0.0,0.0,0.0,-0.0
0.0,0.0,-0.0,-0.0,0.0,-0.0,-0.0,-0.0,-0.0,-0.0,-0.0,0.0,0.0,-0.0
0.0,0.0,-0.0,-0.0,0.0,-0.0,-0.0,-0.0,-0.0,-0.0,-0.0,0.0,0.0,-0.0
-0.0,-0.0,0.0,0.0,-0.0,1.52918e+10,2.03152e+10,1.29511e+11,1.00203e+11,0.0,0.0,-0.0,-0.0,0.0
-0.0,-0.0,0.0,0.0,-0.0,4.65164e+10,6.17974e+10,3.93962e+11,3.04811e+11,0.0,0.0,-0.0,-0.0,0.0
0.0,0.0,-0.0,-0.0,0.0,-0.0,-0.0,-0.0,-0.0,-0.0,-0.0,0.0,0.0,-0.0
0.0,0.0,-0.0,-0.0,0.0,-0.0,-0.0,-0.0,-0.0,-0.0,-0.0,0.0,0.0,-0.0
-0.0,-0.0,0.0,0.0,-0.0,1.66254e+09,2.2087e+09,1.40806e+10,1.08943e+10,0.0,0.0,-0.0,-0.0,0.0
-0.0,0.0,-0.0,0.0,0.0,-0.0,0.0,0.0,-0.0,-0.0,0.0,0.0,0.0,-0.0
-0.0,0.0,-0.0,0.0,0.0,-0.0,0.0,0.0,-0.0,-0.0,0.0,0.0,0.0,-0.0
-0.0,0.0,-0.0,0.0,0.0,-0.0,0.0,0.0,-0.0,-0.0,0.0,0.0,0.0,-0.0
-0.0,0.0,-0.0,0.0,0.0,-0.0,0.0,0.0,-0.0,-0.0,0.0,0.0,0.0,-0.0
-0.0,0.0,-0.0,0.0,0.0,-0.0,0.0,0.0,-0.0,-0.0,0.0,0.0,0.0,-0.0
2.27894e+11,-0.0,6.40133e+10,-1.52076e+11,-1.3096e+11,6.7248e+10,-1.96952e+10,-0.0,0.0,0.0,-0.0,-7.25368e+10,-0.0,1.98436e+11
4.0098e+11,-0.0,1.12632e+11,-2.67579e+11,-2.30424e+11,1.18323e+11,-3.46538e+10,-0.0,0.0,0.0,-0.0,-1.27629e+11,-0.0,3.49149e+11
9.66171e+10,-0.0,2.71389e+10,-6.44739e+10,-5.55213e+10,2.85103e+10,-8.34991e+09,-0.0,0.0,0.0,-0.0,-3.07525e+10,-0.0,8.41283e+10
2.62297e+11,-0.0,7.36769e+10,-1.75034e+11,-1.5073e+11,7.73999e+10,-2.26684e+10,-0.0,0.0,0.0,-0.0,-8.34871e+10,-0.0,2.28392e+11
-0.0,0.0,-0.0,0.0,0.0,-0.0,0.0,0.0,-0.0,-0.0,0.0,0.0,0.0,-0.0
-0.0,0.0,-0.0,0.0,0.0,-0.0,0.0,0.0,-0.0,-0.0,0.0,0.0,0.0,-0.0
-0.0,0.0,-0.0,0.0,0.0,-0.0,0.0,0.0,-0.0,-0.0,0.0,0.0,0.0,-0.0
-0.0,0.0,-0.0,0.0,0.0,-0.0,0.0,0.0,-0.0,-0.0,0.0,0.0,0.0,-0.0
-0.0,0.0,-0.0,0.0,0.0,-0.0,0.0,0.0,-0.0,-0.0,0.0,0.0,0.0,-0.0
0.0,1.75907e+10,0.0,-2.35884e+10,3.38833e+10,0.0,0.0,8.44625e+10,0.0,0.0,-0.0,-4.38771e+10,-8.34739e+10,1.48577e+11
-0.0,-0.0,-0.0,0.0,-0.0,-0.0,-0.0,-0.0,-0.0,-0.0,0.0,0.0,0.0,-0.0
0.0,5.42589e+09,0.0,-7.27591e+09,1.04514e+10,0.0,0.0,2.60527e+10,0.0,0.0,-0.0,-1.3534e+10,-2.57478e+10,4.58289e+10
0.0,1.37852e+10,0.0,-1.84855e+10,2.65533e+10,0.0,0.0,6.61906e+10,0.0,0.0,-0.0,-3.43851e+10,-6.54158e+10,1.16435e+11
0.0,3.5396e+10,0.0,-4.74647e+10,6.81801e+10,0.0,0.0,1.69956e+11,0.0,0.0,-0.0,-8.82897e+10,-1.67966e+11,2.98966e+11
0.0,2.92023e+08,0.0,-3.91592e+08,5.62497e+08,0.0,0.0,1.40216e+09,0.0,0.0,-0.0,-7.28405e+08,-1.38575e+09,2.46652e+09
0.0,3.23195e+10,0.0,-4.33392e+10,6.22541e+10,0.0,0.0,1.55184e+11,0.0,0.0,-0.0,-8.06158e+10,-1.53367e+11,2.72981e+11
-0.0,-0.0,-0.0,0.0,-0.0,-0.0,-0.0,-0.0,-0.0,-0.0,0.0,0.0,0.0,-0.0
-0.0,-0.0,-0.0,0.0,-0.0,-0.0,-0.0,-0.0,-0.0,-0.0,0.0,0.0,0.0,-0.0
-0.0,-0.0,-0.0,0.0,-0.0,-0.0,-0.0,-0.0,-0.0,-0.0,0.0,0.0,0.0,-0.0
-0.0,-0.0,-0.0,0.0,-0.0,-0.0,-0.0,-0.0,-0.0,-0.0,0.0,0.0,0.0,-0.0
0.0,4.24274e+09,0.0,-5.68935e+09,8.1724e+09,0.0,0.0,2.03717e+10,0.0,0.0,-0.0,-1.05828e+10,-2.01333e+10,3.58356e+10
-0.0,-0.0,-0.0,0.0,-0.0,-0.0,-0.0,-0.0,-0.0,-0.0,0.0,0.0,0.0,-0.0
0.0,6.51077e+10,0.0,-8.73069e+10,1.25411e+11,0.0,0.0,3.12618e+11,0.0,0.0,-0.0,-1.62401e+11,-3.08959e+11,5.49922e+11
-0.0,0.0,0.0,-0.0,0.0,-0.0,0.0,-0.0,0.0,-0.0,0.0,-0.0,0.0,-0.0
0.0,-0.0,-0.0,0.0,-0.0,2.10759e+10,-1.7859e+10,1.00337e+10,-0.0,2.55079e+10,-0.0,2.50994e+10,-0.0,1.78551e+10
-0.0,0.0,0.0,-0.0,0.0,-0.0,0.0,-0.0,0.0,-0.0,0.0,-0.0,0.0,-0.0
0.0,-0.0,-0.0,0.0,-0.0,5.19716e+10,-4.40389e+10,2.47425e+10,-0.0,6.29006e+10,-0.0,6.18932e+10,-0.0,4.40294e+10
0.0,-0.0,-0.0,0.0,-0.0,1.66285e+11,-1.40904e+11,7.91645e+10,-0.0,2.01253e+11,-0.0,1.9803e+11,-0.0,1.40874e+11
-0.0,0.0,0.0,-0.0,0.0,-0.0,0.0,-0.0,0.0,-0.0,0.0,-0.0,0.0,-0.0
-0.0,0.0,0.0,-0.0,0.0,-0.0,0.0,-0.0,0.0,-0.0,0.0,-0.0,0.0,-0.0
0.0,-0.0,-0.0,0.0,-0.0,6.28624e+10,-5.32673e+10,2.99273e+10,-0.0,7.60815e+10,-0.0,7.48631e+10,-0.0,5.32559e+10
-0.0,0.0,0.0,-0.0,0.0,-0.0,0.0,-0.0,0.0,-0.0,0.0,-0.0,0.0,-0.0
-0.0,0.0,0.0,-0.0,0.0,-0.0,0.0,-0.0,0.0,-0.0,0.0,-0.0,0.0,-0.0
-0.0,0.0,0.0,-0.0,0.0,-0.0,0.0,-0.0,0.0,-0.0,0.0,-0.0,0.0,-0.0
0.0,-0.0,-0.0,0.0,-0.0,9.94156e+10,-8.42412e+10,4.73294e+10,-0.0,1.20321e+11,-0.0,1.18394e+11,-0.0,8.42231e+10
0.0,-0.0,-0.0,0.0,-0.0,1.501e+11,-1.27189e+11,7.14591e+10,-0.0,1.81664e+11,-0.0,1.78755e+11,-0.0,1.27162e+11
0.0,-0.0,-0.0,0.0,-0.0,2.12177e+11,-1.79791e+11,1.01012e+11,-0.0,2.56794e+11,-0.0,2.52682e+11,-0.0,1.79752e+11
0.0,-0.0,-0.0,-0.0,-0.0,-0.0,-0.0,-0.0,-0.0,-0.0,0.0,-0.0,-0.0,0.0
0.0,-0.0,-0.0,-0.0,-0.0,-0.0,-0.0,-0.0,-0.0,-0.0,0.0,-0.0,-0.0,0.0
0.0,-0.0,-0.0,-0.0,-0.0,-0.0,-0.0,-0.0,-0.0,-0.0,0.0,-0.0,-0.0,0.0
0.0,-0.0,-0.0,-0.0,-0.0,-0.0,-0.0,-0.0,-0.0,-0.0,0.0,-0.0,-0.0,0.0
0.0,-0.0,-0.0,-0.0,-0.0,-0.0,-0.0,-0.0,-0.0,-0.0,0.0,-0.0,-0.0,0.0
-3.10056e+11,1.24086e+11,0.0,4.05473e+11,0.0,0.0,1.41423e+11,4.14878e+11,0.0,0.0,-0.0,0.0,0.0,-0.0
-3.57527e+11,1.43084e+11,0.0,4.67552e+11,0.0,0.0,1.63075e+11,4.78398e+11,0.0,0.0,-0.0,0.0,0.0,-0.0
-5.11265e+10,2.04611e+10,0.0,6.68601e+10,0.0,0.0,2.33198e+10,6.84111e+10,0.0,0.0,-0.0,0.0,0.0,-0.0
0.0,-0.0,-0.0,-0.0,-0.0,-0.0,-0.0,-0.0,-0.0,-0.0,0.0,-0.0,-0.0,0.0
-1.82934e+10,7.32108e+09,0.0,2.39229e+10,0.0,0.0,8.34395e+09,2.44779e+10,0.0,0.0,-0.0,0.0,0.0,-0.0
0.0,-0.0,-0.0,-0.0,-0.0,-0.0,-0.0,-0.0,-0.0,-0.0,0.0,-0.0,-0.0,0.0
-1.14549e+11,4.58431e+10,0.0,1.49801e+11,0.0,0.0,5.22481e+10,1.53275e+11,0.0,0.0,-0.0,0.0,0.0,-0.0
0.0,-0.0,-0.0,-0.0,-0.0,-0.0,-0.0,-0.0,-0.0,-0.0,0.0,-0.0,-0.0,0.0
-3.74295e+11,1.49794e+11,0.0,4.8948e+11,0.0,0.0,1.70723e+11,5.00834e+11,0.0,0.0,-0.0,0.0,0.0,-0.0
2.07536e+11,1.05186e+11,-1.41647e+11,1.90168e+11,2.18111e+11,-0.0,-3.04467e+11,3.06526e+11,-0.0,-0.0,1.65112e+11,8.74984e+10,-1.35466e+11,0.0
3.25803e+11,1.65128e+11,-2.22367e+11,2.98537e+11,3.42404e+11,-0.0,-4.77971e+11,4.81203e+11,-0.0,-0.0,2.59203e+11,1.3736e+11,-2.12663e+11,0.0
-0.0,-0.0,0.0,-0.0,-0.0,0.0,0.0,-0.0,0.0,0.0,-0.0,-0.0,0.0,-0.0
1.44752e+11,7.33652e+10,-9.87962e+10,1.32638e+11,1.52128e+11,-0.0,-2.12359e+11,2.13795e+11,-0.0,-0.0,1.15162e+11,6.10283e+10,-9.44846e+10,0.0
-0.0,-0.0,0.0,-0.0,-0.0,0.0,0.0,-0.0,0.0,0.0,-0.0,-0.0,0.0,-0.0
-0.0,-0.0,0.0,-0.0,-0.0,0.0,0.0,-0.0,0.0,0.0,-0.0,-0.0,0.0,-0.0
1.86911e+11,9.47324e+10,-1.2757e+11,1.71268e+11,1.96434e+11,-0.0,-2.74208e+11,2.76062e+11,-0.0,-0.0,1.48703e+11,7.88026e+10,-1.22003e+11,0.0
6.488e+10,3.28833e+10,-4.42818e+10,5.94502e+10,6.81857e+10,-0.0,-9.51824e+10,9.5826e+10,-0.0,-0.0,5.16173e+10,2.73538e+10,-4.23493e+10,0.0
-0.0,-0.0,0.0,-0.0,-0.0,0.0,0.0,-0.0,0.0,0.0,-0.0,-0.0,0.0,-0.0
-0.0,-0.0,0.0,-0.0,-0.0,0.0,0.0,-0.0,0.0,0.0,-0.0,-0.0,0.0,-0.0
-0.0,-0.0,0.0,-0.0,-0.0,0.0,0.0,-0.0,0.0,0.0,-0.0,-0.0,0.0,-0.0
-0.0,-0.0,0.0,-0.0,-0.0,0.0,0.0,-0.0,0.0,0.0,-0.0,-0.0,0.0,-0.0
-0.0,-0.0,0.0,-0.0,-0.0,0.0,0.0,-0.0,0.0,0.0,-0.0,-0.0,0.0,-0.0
-0.0,-0.0,0.0,-0.0,-0.0,0.0,0.0,-0.0,0.0,0.0,-0.0,-0.0,0.0,-0.0
-0.0,5.26924e+10,-2.98153e+10,-3.09144e+10,0.0,1.76857e+10,7.71075e+09,1.67036e+10,2.60639e+09,-0.0,-2.93272e+10,1.58917e+10,3.33834e+09,0.0
-0.0,1.52166e+11,-8.61008e+10,-8.92749e+10,0.0,5.10729e+10,2.22672e+10,4.82369e+10,7.52675e+09,-0.0,-8.46915e+10,4.58922e+10,9.64048e+09,0.0
-0.0,3.85719e+11,-2.18254e+11,-2.263e+11,0.0,1.29463e+11,5.64443e+10,1.22274e+11,1.90793e+10,-0.0,-2.14681e+11,1.1633e+11,2.44373e+10,0.0
-0.0,5.99489e+10,-3.39213e+10,-3.51718e+10,0.0,2.01213e+10,8.77263e+09,1.9004e+10,2.96533e+09,-0.0,-3.3366e+10,1.80802e+10,3.79808e+09,0.0
-0.0,2.06145e+11,-1.16645e+11,-1.20945e+11,0.0,6.91907e+10,3.01663e+10,6.53487e+10,1.01968e+10,-0.0,-1.14735e+11,6.21722e+10,1.30604e+10,0.0
0.0,-0.0,0.0,0.0,-0.0,-0.0,-0.0,-0.0,-0.0,0.0,0.0,-0.0,-0.0,-0.0
-0.0,2.87185e+11,-1.625e+11,-1.6849e+11,0.0,9.63909e+10,4.20252e+10,9.10384e+10,1.42054e+10,-0.0,-1.5984e+11,8.66131e+10,1.81947e+10,0.0
-0.0,5.34168e+11,-3.02252e+11,-3.13394e+11,0.0,1.79288e+11,7.81675e+10,1.69333e+11,2.64222e+10,-0.0,-2.97304e+11,1.61102e+11,3.38423e+10,0.0
0.0,-0.0,0.0,0.0,-0.0,-0.0,-0.0,-0.0,-0.0,0.0,0.0,-0.0,-0.0,-0.0
0.0,-0.0,0.0,0.0,-0.0,-0.0,-0.0,-0.0,-0.0,0.0,0.0,-0.0,-0.0,-0.0
-0.0,1.77054e+11,-1.00183e+11,-1.03877e+11,0.0,5.94263e+10,2.59091e+10,5.61265e+10,8.75782e+09,-0.0,-9.85435e+10,5.33982e+10,1.12173e+10,0.0
-0.0,4.12883e+11,-2.33624e+11,-2.42236e+11,0.0,1.3858e+11,6.04193e+10,1.30885e+11,2.04229e+10,-0.0,-2.298e+11,1.24523e+11,2.61583e+10,0.0
-0.0,1.14646e+11,-6.48708e+10,-6.72622e+10,0.0,3.84798e+10,1.67767e+10,3.63431e+10,5.67087e+09,-0.0,-6.38089e+10,3.45765e+10,7.26341e+09,0.0
0.0,-0.0,0.0,0.0,-0.0,-0.0,-0.0,-0.0,-0.0,0.0,0.0,-0.0,-0.0,-0.0
0.0,-0.0,-0.0,0.0,-0.0,-0.0,0.0,-0.0,-0.0,0.0,-0.0,0.0,0.0,0.0
-1.3333e+11,2.16298e+11,0.0,-0.0,0.0,0.0,-0.0,0.0,3.56836e+11,-0.0,0.0,-1.96479e+10,-0.0,-0.0
-1.6104e+11,2.61252e+11,0.0,-0.0,0.0,0.0,-0.0,0.0,4.30999e+11,-0.0,0.0,-2.37315e+10,-0.0,-0.0
-1.97099e+11,3.1975e+11,0.0,-0.0,0.0,0.0,-0.0,0.0,5.27505e+11,-0.0,0.0,-2.90452e+10,-0.0,-0.0
0.0,-0.0,-0.0,0.0,-0.0,-0.0,0.0,-0.0,-0.0,0.0,-0.0,0.0,0.0,0.0
-1.25051e+11,2.02869e+11,0.0,-0.0,0.0,0.0,-0.0,0.0,3.3468e+11,-0.0,0.0,-1.8428e+10,-0.0,-0.0
-1.16403e+11,1.88838e+11,0.0,-0.0,0.0,0.0,-0.0,0.0,3.11534e+11,-0.0,0.0,-1.71536e+10,-0.0,-0.0
-1.50113e+11,2.43525e+11,0.0,-0.0,0.0,0.0,-0.0,0.0,4.01753e+11,-0.0,0.0,-2.21212e+10,-0.0,-0.0
-1.89414e+11,3.07282e+11,0.0,-0.0,0.0,0.0,-0.0,0.0,5.06936e+11,-0.0,0.0,-2.79127e+10,-0.0,-0.0
0.0,-0.0,-0.0,0.0,-0.0,-0.0,0.0,-0.0,-0.0,0.0,-0.0,0.0,0.0,0.0
-5.47016e+09,8.87413e+09,0.0,-0.0,0.0,0.0,-0.0,0.0,1.464e+10,-0.0,0.0,-8.06102e+08,-0.0,-0.0
-3.81865e+11,6.19492e+11,0.0,-0.0,0.0,0.0,-0.0,0.0,1.022e+12,-0.0,0.0,-5.6273e+10,-0.0,-0.0
-2.42804e+11,3.93896e+11,0.0,-0.0,0.0,0.0,-0.0,0.0,6.49827e+11,-0.0,0.0,-3.57805e+10,-0.0,-0.0
0.0,-0.0,-0.0,0.0,-0.0,-0.0,0.0,-0.0,-0.0,0.0,-0.0,0.0,0.0,0.0
-1.21085e+10,-0.0,1.96228e+11,1.12615e+11,0.0,0.0,-0.0,-3.38518e+10,-4.50194e+10,-6.30208e+10,-0.0,1.80417e+10,1.05565e+11,-0.0
-1.97575e+09,-0.0,3.20186e+10,1.83754e+10,0.0,0.0,-0.0,-5.52361e+09,-7.34584e+09,-1.02831e+10,-0.0,2.94388e+09,1.7225e+10,-0.0
0.0,0.0,-0.0,-0.0,-0.0,-0.0,0.0,0.0,0.0,0.0,0.0,-0.0,-0.0,0.0
0.0,0.0,-0.0,-0.0,-0.0,-0.0,0.0,0.0,0.0,0.0,0.0,-0.0,-0.0,0.0
0.0,0.0,-0.0,-0.0,-0.0,-0.0,0.0,0.0,0.0,0.0,0.0,-0.0,-0.0,0.0
0.0,0.0,-0.0,-0.0,-0.0,-0.0,0.0,0.0,0.0,0.0,0.0,-0.0,-0.0,0.0
0.0,0.0,-0.0,-0.0,-0.0,-0.0,0.0,0.0,0.0,0.0,0.0,-0.0,-0.0,0.0
0.0,0.0,-0.0,-0.0,-0.0,-0.0,0.0,0.0,0.0,0.0,0.0,-0.0,-0.0,0.0
-3.78141e+10,-0.0,6.12808e+11,3.51689e+11,0.0,0.0,-0.0,-1.05717e+11,-1.40593e+11,-1.9681e+11,-0.0,5.63432e+10,3.29672e+11,-0.0
0.0,0.0,-0.0,-0.0,-0.0,-0.0,0.0,0.0,0.0,0.0,0.0,-0.0,-0.0,0.0
0.0,0.0,-0.0,-0.0,-0.0,-0.0,0.0,0.0,0.0,0.0,0.0,-0.0,-0.0,0.0
-3.21007e+10,-0.0,5.20217e+11,2.98551e+11,0.0,0.0,-0.0,-8.97441e+10,-1.1935e+11,-1.67074e+11,-0.0,4.78302e+10,2.79861e+11,-0.0
0.0,0.0,-0.0,-0.0,-0.0,-0.0,0.0,0.0,0.0,0.0,0.0,-0.0,-0.0,0.0
0.0,0.0,-0.0,-0.0,-0.0,-0.0,0.0,0.0,0.0,0.0,0.0,-0.0,-0.0,0.0
-0.0,0.0,-0.0,1.30707e+11,-3.53409e+11,2.26841e+10,0.0,3.20808e+11,1.76166e+11,-2.4135e+11,-0.0,0.0,2.85925e+11,-0.0
0.0,-0.0,0.0,-0.0,0.0,-0.0,-0.0,-0.0,-0.0,0.0,0.0,-0.0,-0.0,0.0
-0.0,0.0,-0.0,1.20408e+11,-3.25563e+11,2.08967e+10,0.0,2.95531e+11,1.62286e+11,-2.22333e+11,-0.0,0.0,2.63396e+11,-0.0
-0.0,0.0,-0.0,1.03384e+10,-2.79532e+10,1.79421e+09,0.0,2.53746e+10,1.3934e+10,-1.90898e+10,-0.0,0.0,2.26154e+10,-0.0
0.0,-0.0,0.0,-0.0,0.0,-0.0,-0.0,-0.0,-0.0,0.0,0.0,-0.0,-0.0,0.0
0.0,-0.0,0.0,-0.0,0.0,-0.0,-0.0,-0.0,-0.0,0.0,0.0,-0.0,-0.0,0.0
0.0,-0.0,0.0,-0.0,0.0,-0.0,-0.0,-0.0,-0.0,0.0,0.0,-0.0,-0.0,0.0
-0.0,0.0,-0.0,2.03981e+10,-5.5153e+10,3.54007e+09,0.0,5.00653e+10,2.74925e+10,-3.7665e+10,-0.0,0.0,4.46213e+10,-0.0
-0.0,0.0,-0.0,6.40733e+10,-1.73243e+11,1.11198e+10,0.0,1.57262e+11,8.63575e+10,-1.18311e+11,-0.0,0.0,1.40162e+11,-0.0
-0.0,0.0,-0.0,3.91777e+10,-1.0593e+11,6.79924e+09,0.0,9.6158e+10,5.28035e+10,-7.23414e+10,-0.0,0.0,8.57021e+10,-0.0
0.0,-0.0,0.0,-0.0,0.0,-0.0,-0.0,-0.0,-0.0,0.0,0.0,-0.0,-0.0,0.0
-0.0,0.0,-0.0,3.12856e+10,-8.45908e+10,5.42957e+09,0.0,7.67876e+10,4.21666e+10,-5.77686e+10,-0.0,0.0,6.84379e+10,-0.0
-0.0,0.0,-0.0,5.41473e+10,-1.46405e+11,9.39719e+09,0.0,1.32899e+11,7.29794e+10,-9.99825e+10,-0.0,0.0,1.18448e+11,-0.0
0.0,-0.0,0.0,-0.0,0.0,-0.0,-0.0,-0.0,-0.0,0.0,0.0,-0.0,-0.0,0.0
-0.0,-0.0,0.0,0.0,0.0,0.0,0.0,-0.0,0.0,-0.0,-0.0,-0.0,0.0,0.0
-0.0,-0.0,0.0,0.0,0.0,0.0,0.0,-0.0,0.0,-0.0,-0.0,-0.0,0.0,0.0
-0.0,-0.0,0.0,0.0,0.0,0.0,0.0,-0.0,0.0,-0.0,-0.0,-0.0,0.0,0.0
0.0,0.0,-2.14082e+10,-2.11273e+10,-2.47532e+11,-0.0,-0.0,2.81651e+11,-0.0,0.0,0.0,2.61987e+10,-0.0,-0.0
0.0,0.0,-9.05181e+09,-8.93302e+09,-1.04661e+11,-0.0,-0.0,1.19088e+11,-0.0,0.0,0.0,1.10773e+10,-0.0,-0.0
0.0,0.0,-1.24052e+10,-1.22424e+10,-1.43434e+11,-0.0,-0.0,1.63205e+11,-0.0,0.0,0.0,1.5181e+10,-0.0,-0.0
-0.0,-0.0,0.0,0.0,0.0,0.0,0.0,-0.0,0.0,-0.0,-0.0,-0.0,0.0,0.0
0.0,0.0,-3.57496e+10,-3.52804e+10,-4.13354e+11,-0.0,-0.0,4.7033e+11,-0.0,0.0,0.0,4.37492e+10,-0.0,-0.0
0.0,0.0,-4.2715e+10,-4.21545e+10,-4.93892e+11,-0.0,-0.0,5.61969e+11,-0.0,0.0,0.0,5.22733e+10,-0.0,-0.0
0.0,0.0,-2.89327e+10,-2.8553e+10,-3.34533e+11,-0.0,-0.0,3.80645e+11,-0.0,0.0,0.0,3.54069e+10,-0.0,-0.0
-0.0,-0.0,0.0,0.0,0.0,0.0,0.0,-0.0,0.0,-0.0,-0.0,-0.0,0.0,0.0
-0.0,-0.0,0.0,0.0,0.0,0.0,0.0,-0.0,0.0,-0.0,-0.0,-0.0,0.0,0.0
0.0,0.0,-1.18608e+10,-1.17052e+10,-1.37141e+11,-0.0,-0.0,1.56044e+11,-0.0,0.0,0.0,1.45149e+10,-0.0,-0.0
-0.0,-0.0,0.0,0.0,0.0,0.0,0.0,-0.0,0.0,-0.0,-0.0,-0.0,0.0,0.0
0.0,0.0,0.0,-0.0,-0.0,-0.0,-0.0,-0.0,0.0,0.0,-0.0,-0.0,0.0,-0.0
0.0,0.0,0.0,-0.0,-0.0,-0.0,-0.0,-0.0,0.0,0.0,-0.0,-0.0,0.0,-0.0
-6.88792e+10,-0.0,-3.35798e+10,1.39426e+10,2.07154e+11,1.12379e+11,0.0,1.87578e+11,-0.0,-0.0,0.0,0.0,-0.0,0.0
-1.44736e+11,-0.0,-7.05614e+10,2.92977e+10,4.35294e+11,2.36142e+11,0.0,3.94158e+11,-0.0,-0.0,0.0,0.0,-0.0,0.0
-4.13708e+10,-0.0,-2.0169e+10,8.37433e+09,1.24423e+11,6.74979e+10,0.0,1.12665e+11,-0.0,-0.0,0.0,0.0,-0.0,0.0
0.0,0.0,0.0,-0.0,-0.0,-0.0,-0.0,-0.0,0.0,0.0,-0.0,-0.0,0.0,-0.0
0.0,0.0,0.0,-0.0,-0.0,-0.0,-0.0,-0.0,0.0,0.0,-0.0,-0.0,0.0,-0.0
-1.58505e+11,-0.0,-7.72738e+10,3.20847e+10,4.76703e+11,2.58606e+11,0.0,4.31653e+11,-0.0,-0.0,0.0,0.0,-0.0,0.0
0.0,0.0,0.0,-0.0,-0.0,-0.0,-0.0,-0.0,0.0,0.0,-0.0,-0.0,0.0,-0.0
0.0,0.0,0.0,-0.0,-0.0,-0.0,-0.0,-0.0,0.0,0.0,-0.0,-0.0,0.0,-0.0
0.0,0.0,0.0,-0.0,-0.0,-0.0,-0.0,-0.0,0.0,0.0,-0.0,-0.0,0.0,-0.0
-2.04394e+09,-0.0,-9.96455e+08,4.13736e+08,6.14714e+09,3.33475e+09,0.0,5.56622e+09,-0.0,-0.0,0.0,0.0,-0.0,0.0
0.0,0.0,0.0,-0.0,-0.0,-0.0,-0.0,-0.0,0.0,0.0,-0.0,-0.0,0.0,-0.0
0.0,0.0,0.0,-0.0,-0.0,-0.0,-0.0,-0.0,0.0,0.0,-0.0,-0.0,0.0,-0.0
5.9635e+10,0.0,0.0,-0.0,2.54769e+10,5.31835e+10,-5.84674e+10,3.06406e+10,3.12618e+10,0.0,5.42931e+07,-0.0,-9.01529e+10,1.25399e+11
-0.0,-0.0,-0.0,0.0,-0.0,-0.0,0.0,-0.0,-0.0,-0.0,-0.0,0.0,0.0,-0.0
1.02365e+11,0.0,0.0,-0.0,4.37318e+10,9.12912e+10,-1.00361e+11,5.25955e+10,5.36618e+10,0.0,9.31958e+07,-0.0,-1.5475e+11,2.15251e+11
7.84279e+10,0.0,0.0,-0.0,3.35054e+10,6.99433e+10,-7.68923e+10,4.02964e+10,4.11134e+10,0.0,7.14026e+07,-0.0,-1.18563e+11,1.64916e+11
2.91966e+10,0.0,0.0,-0.0,1.24732e+10,2.6038e+10,-2.86249e+10,1.50013e+10,1.53054e+10,0.0,2.65813e+07,-0.0,-4.41378e+10,6.13937e+10
1.80401e+11,0.0,0.0,-0.0,7.70698e+10,1.60885e+11,-1.76869e+11,9.26904e+10,9.45697e+10,0.0,1.64242e+08,-0.0,-2.72721e+11,3.79343e+11
-0.0,-0.0,-0.0,0.0,-0.0,-0.0,0.0,-0.0,-0.0,-0.0,-0.0,0.0,0.0,-0.0
3.7054e+10,0.0,0.0,-0.0,1.583e+10,3.30454e+10,-3.63285e+10,1.90384e+10,1.94244e+10,0.0,3.37348e+07,-0.0,-5.60161e+10,7.7916e+10
-0.0,-0.0,-0.0,0.0,-0.0,-0.0,0.0,-0.0,-0.0,-0.0,-0.0,0.0,0.0,-0.0
-0.0,-0.0,-0.0,0.0,-0.0,-0.0,0.0,-0.0,-0.0,-0.0,-0.0,0.0,0.0,-0.0
-0.0,-0.0,-0.0,0.0,-0.0,-0.0,0.0,-0.0,-0.0,-0.0,-0.0,0.0,0.0,-0.0
-0.0,-0.0,-0.0,0.0,-0.0,-0.0,0.0,-0.0,-0.0,-0.0,-0.0,0.0,0.0,-0.0
-0.0,-0.0,-0.0,0.0,-0.0,-0.0,0.0,-0.0,-0.0,-0.0,-0.0,0.0,0.0,-0.0
-0.0,-0.0,-0.0,0.0,-0.0,-0.0,0.0,-0.0,-0.0,-0.0,-0.0,0.0,0.0,-0.0
0.0,-0.0,-1.5938e+11,1.55039e+11,0.0,0.0,-0.0,-0.0,-0.0,8.38879e+10,0.0,8.40948e+10,-2.67462e+10,0.0
-0.0,0.0,0.0,-0.0,-0.0,-0.0,0.0,0.0,0.0,-0.0,-0.0,-0.0,0.0,-0.0
-0.0,0.0,0.0,-0.0,-0.0,-0.0,0.0,0.0,0.0,-0.0,-0.0,-0.0,0.0,-0.0
-0.0,0.0,0.0,-0.0,-0.0,-0.0,0.0,0.0,0.0,-0.0,-0.0,-0.0,0.0,-0.0
0.0,-0.0,-3.64485e+10,3.54557e+10,0.0,0.0,-0.0,-0.0,-0.0,1.91843e+10,0.0,1.92316e+10,-6.11657e+09,0.0
0.0,-0.0,-2.74697e+11,2.67215e+11,0.0,0.0,-0.0,-0.0,-0.0,1.44584e+11,0.0,1.4494e+11,-4.6098e+10,0.0
0.0,-0.0,-7.01924e+10,6.82805e+10,0.0,0.0,-0.0,-0.0,-0.0,3.6945e+10,0.0,3.70361e+10,-1.17793e+10,0.0
0.0,-0.0,-1.49181e+11,1.45117e+11,0.0,0.0,-0.0,-0.0,-0.0,7.85196e+10,0.0,7.87132e+10,-2.50346e+10,0.0
0.0,-0.0,-1.57198e+11,1.52916e+11,0.0,0.0,-0.0,-0.0,-0.0,8.27394e+10,0.0,8.29434e+10,-2.638e+10,0.0
-0.0,0.0,0.0,-0.0,-0.0,-0.0,0.0,0.0,0.0,-0.0,-0.0,-0.0,0.0,-0.0
0.0,-0.0,-9.20394e+10,8.95325e+10,0.0,0.0,-0.0,-0.0,-0.0,4.8444e+10,0.0,4.85634e+10,-1.54455e+10,0.0
-0.0,0.0,0.0,-0.0,-0.0,-0.0,0.0,0.0,0.0,-0.0,-0.0,-0.0,0.0,-0.0
0.0,-0.0,-2.10548e+10,2.04813e+10,0.0,0.0,-0.0,-0.0,-0.0,1.10819e+10,0.0,1.11093e+10,-3.53328e+09,0.0
0.0,-0.0,-8.57079e+10,8.33734e+10,0.0,0.0,-0.0,-0.0,-0.0,4.51114e+10,0.0,4.52226e+10,-1.4383e+10,0.0
-0.0,-0.0,-0.0,0.0
-0.0,-0.0,-0.0,0.0
2.87746e+11,0.0,0.0,-2.87746e+11
1.23396e+12,0.0,0.0,-1.23396e+12
-0.0,-0.0,-0.0,0.0
-0.0,-0.0,-0.0,0.0
-0.0,-0.0,-0.0,0.0
-0.0,-0.0,-0.0,0.0
-0.0,-0.0,-0.0,0.0
6.33437e+11,0.0,0.0,-6.33437e+11
-0.0,-0.0,-0.0,0.0
1.32971e+11,0.0,0.0,-1.32971e+11
9.79637e+11,0.0,0.0,-9.79637e+11
-0.0,-0.0,-0.0,0.0
